연도,연번,지역,직장어린이집명,소재지,전화번호,설치일(인가일)
2022,1,서울특별시,101경비단 어린이집,서울특별시 성북구 정릉로10라길 18-5,02-911-2101,2022-03-07
2022,2,서울특별시,AJ어린이집,서울특별시 송파구 정의로8길 9 문정동 640-5,02-6240-1490,2016-01-13
2022,3,서울특별시,CJ키즈빌 어린이집,서울특별시 중구 동호로 330 (쌍림동),02-722-1070,2011-05-27
2022,4,서울특별시,CJ키즈빌어린이집,서울특별시 서초구 전원말4길 7,02-586-2022,2020-03-01
2022,5,서울특별시,DB손해보험 아이사랑 어린이집,서울특별시 용산구 후암로 107 게이트웨이타워,02-771-8607,2014-02-20
2022,6,서울특별시,DYPNF행복한어린이집,서울특별시 강서구 마곡중앙8로7길 39,02 -2160-8210,2022-02-22
2022,7,서울특별시,GKL행복(강남 코엑스2호점)어린이집,서울특별시 강남구 봉은사로68길 27,02-501-3385,2018-02-27
2022,8,서울특별시,GKL행복어린이집(강남),서울특별시 강남구 삼성로122길 7 GKL 행복 어린이집,02-3448-4571,2015-03-02
2022,9,서울특별시,GKL행복어린이집(강북),서울특별시 중구 남대문로5가 한강대로 416 서울스퀘어 5층,02-6456-8816,2015-02-27
2022,10,서울특별시,GS SHOP 도담도담 어린이집,서울특별시 영등포구 문래동6가 선유로 75,02-3667-8935,2015-03-01
2022,11,서울특별시,GS건설 꿈과 희망의 어린이집,서울특별시 종로구 종로 33 그랑서울 타워2  (2층),02-3789-5971,2014-01-29
2022,12,서울특별시,GS리테일 푸르니 어린이집,서울특별시 강남구 테헤란로27길 34-3 .,02-6925-5012,2015-08-03
2022,13,서울특별시,IBK 참 ! 좋은 어린이집,서울특별시 강남구 선릉로 332,02-552-2527,2012-03-22
2022,14,서울특별시,IBK 참! 좋은 어린이집,서울특별시 중구 을지로2가 을지로 82,02-2031-3394,2017-03-20
2022,15,서울특별시,IBK 참!좋은 어린이집,서울특별시 용산구 한남대로 72,02-798-3360,2012-03-27
2022,16,서울특별시,IBK참!좋은(마포)어린이집,서울특별시 마포구 큰우물로 64,02 -729 -6301,2022-03-01
2022,17,서울특별시,IBK참!좋은어린이집(구로),"서울특별시 구로구 디지털로32길 55 3층, 구로동",02-830-3020,2013-12-18
2022,18,서울특별시,IBK참!좋은어린이집(노원),서울특별시 노원구 동일로 1527 중소기업은행 2층,02-937-7203,2012-09-05
2022,19,서울특별시,kbs어린이집,서울특별시 영등포구 여의공원로 13,02-781-2496,1995-08-04
2022,20,서울특별시,KB강서어린이집,서울특별시 강서구 양천로 643 2층,02-3665-8101,2015-08-20
2022,21,서울특별시,KB구의 어린이집,서울특별시 광진구 광나루로 525 3층,02-6235-7977,2020-02-20
2022,22,서울특별시,KB여의도어린이집,서울특별시 영등포구 국제금융로8길 26 1층,02-6332-5050,2021-02-24
2022,23,서울특별시,KB합정어린이집,서울특별시 마포구 포은로2가길 59,02-337-8102,2018-03-16
2022,24,서울특별시,KCC직장어린이집,"서울특별시 서초구 사평대로 334-2, 1층",02-3447-9280,2019-05-02
2022,25,서울특별시,KDB꿈나무어린이집,서울특별시 영등포구 은행로 22 산업은행 별관 1층,02-780-9066,2013-03-04
2022,26,서울특별시,KDB어린이집,서울특별시 영등포구 은행로 14 한국산업은행,02-787-4365,2012-03-23
2022,27,서울특별시,kids-sure어린이집,서울특별시 종로구 종로 14 (서린동),02-723-1272,2012-06-25
2022,28,서울특별시,KIM&CHANG 어린이집,서울특별시 종로구 신문로2가 경희궁길 26 썬타워빌딩 1층,02-738-6901,2013-02-22
2022,29,서울특별시,KIST숲속 어린이집,서울특별시 성북구 화랑로14길 5 .,02-958-7051,2016-11-21
2022,30,서울특별시,KTDS서초어린이집,서울특별시 서초구 효령로 174 ktds서초 어린이집,02-3471-1264,2011-02-22
2022,31,서울특별시,KTi행복한어린이집,서울특별시 양천구 오목로 52길 12 횃불교회 1층,02-2643-1840,2003-08-05
2022,32,서울특별시,KT연구개발센터 꿈나무어린이집,서울특별시 서초구 태봉로 151 (우면동),02-574-0030,2010-01-25
2022,33,서울특별시,KT혜화 어린이집,서울특별시 종로구 대학로 65 (연건동),02-3676-9300,2008-02-28
2022,34,서울특별시,LG CNS어린이집,서울특별시 강서구 마곡중앙10로 70,02-2088-4065,2017-12-27
2022,35,서울특별시,LG 에너지솔루션 지정 어린이집,서울특별시 영등포구 여의대로 108,02 -2118-0700,2022-08-24
2022,36,서울특별시,LG광화문어린이집,서울특별시 종로구 신문로2가 새문안로 58,070-4065-0286,2014-02-12
2022,37,서울특별시,LG마포어린이집,서울특별시 마포구 마포대로 155 마포빌딩 3층,02-2039-7716,2018-02-27
2022,38,서울특별시,LG사랑어린이집,서울특별시 영등포구 여의대로 128 LG트윈타워,02-3773-1300,2013-03-05
2022,39,서울특별시,LG서울역어린이집,서울특별시 중구 남대문로5가 후암로 98 2층,02-3789-1002,2017-10-26
2022,40,서울특별시,LG이노텍 서울어린이집,서울특별시 강서구 마곡중앙10로 30 E3,02-2135-1236,2020-02-26
2022,41,서울특별시,LG전자 서초어린이집,서울특별시 서초구 양재대로11길 19 고객센터3층,02-503-4013,2019-10-01
2022,42,서울특별시,LG전자 어린이집,서울특별시 금천구 두산로 79 메이시티 1층 (독산동),02-830-2660,2006-09-08
2022,43,서울특별시,LG전자구로어린이집,서울특별시 구로구 가마산로 95,02-868-1410,2011-09-05
2022,44,서울특별시,LH서울어린이집,서울특별시 강남구 선릉로121길 12,02-3416-3687,2014-03-05
2022,45,서울특별시,MBC푸르니어린이집,서울특별시 마포구 성암로 267,02-789-2205,2014-02-27
2022,46,서울특별시,NH투자증권어린이집,서울특별시 영등포구 여의대로 66 2층,02-761-9433,2017-11-24
2022,47,서울특별시,N젤어린이집,서울특별시 강서구 마곡중앙로 177,02-6340-8131,2019-08-27
2022,48,서울특별시,SBS어린이집,서울특별시 양천구 국회대로 214 1~2층 (신정동),02-2651-2394,2007-03-30
2022,49,서울특별시,SC으뜸별 어린이집,서울특별시 종로구 종로 47,02-3210-0904,2017-08-31
2022,50,서울특별시,SeoulTech어린이집,서울특별시 노원구 공릉로 232 서울과학기술대학교 내,02-972-1156,2016-10-07
2022,51,서울특별시,SGI서울보증 어린이집,서울특별시 종로구 김상옥로 29 2층,02-3671-7051,2016-02-22
2022,52,서울특별시,SK ecoplant 행복날개어린이집,서울특별시 종로구 율곡로 2길 19 SK건설행복날개어린이집,02-6395-0202,2013-08-27
2022,53,서울특별시,SKT행복날개어린이집,서울특별시 중구 을지로2가 을지로 65 SK-T타워 3층,02-6100-0115,2007-03-02
2022,54,서울특별시,SKY어린이집,서울특별시 마포구 매봉산로 75 DDMC 3층,02-2146-0980,2017-03-01
2022,55,서울특별시,SK네트웍스새싹어린이집,"서울특별시 종로구 청계천로 85, 삼일빌딩, 3층",070-7800-2115,2009-01-29
2022,56,서울특별시,SK브로드밴드 행복한 어린이집,서울특별시 중구 남대문로5가 퇴계로 24 SK남산그린빌딩 4층,02-6266-2300,2013-08-29
2022,57,서울특별시,SK스토아 행복어린이집,"서울특별시 마포구 월드컵북로 402 2층(상암동,KGIT센터)",02-6393-5320,2020-02-27
2022,58,서울특별시,SK행복어린이집,서울특별시 종로구 종로 26 SK서린동빌딩 2층,02-2121-1611,2007-09-14
2022,59,서울특별시,the KIDS 대방 어린이집,서울특별시 동작구 보라매로5가길 24 사옥2층,02-849-8555,2015-09-01
2022,60,서울특별시,the KIDS 여의도1 어린이집,서울특별시 영등포구 의사당대로 18 현대카드/캐피탈 본사 3관 1층,02-3775-2527,2015-08-28
2022,61,서울특별시,the KIDS 여의도2 어린이집,서울특별시 영등포구 여의대로 24 전경련회관 24,02-3775-4760,2015-10-27
2022,62,서울특별시,WITH MOM어린이집,서울특별시 마포구 상암산로 82,02-6933-7901,2013-02-25
2022,63,서울특별시,감사원어린이집,서울특별시 종로구 북촌로 127,02-730-9390,2022-03-01
2022,64,서울특별시,강남구청 직장어린이집,서울특별시 강남구 학동로 426,02-2176-0950,2012-03-13
2022,65,서울특별시,강남세브란스어린이집,서울특별시 강남구 언주로63길 29 명지빌딩 1층,02-2019-4300,2016-05-31
2022,66,서울특별시,강동경희대병원어린이집,서울특별시 강동구 동남로 881 5층 서희스타힐스(명일동),02-440-6710,2017-03-02
2022,67,서울특별시,강동구청직장어린이집,"서울특별시 강동구 성내로 25 1층,강동구청직장어린이집",02-471-5996,2004-11-18
2022,68,서울특별시,강북구청어린이집,서울특별시 강북구 도봉로89길 13 강북구청 (수유동),02-995-4348,2003-02-01
2022,69,서울특별시,강서구청어린이집,"서울특별시 강서구 화곡로44나길 72 1층,2층 강서구청어린이집",070-8879-0622,2006-03-06
2022,70,서울특별시,건이강이어린이집,서울특별시 영등포구 당산동6가 당산로 238,02-2632-4100,2016-08-22
2022,71,서울특별시,경찰청어린이집,서울특별시 서대문구 통일로 97 (미근동),02-363-9675,2007-07-27
2022,72,서울특별시,경희대학교직장어린이집,서울특별시 동대문구 경희대로 26-6,02-961-9326,2010-03-02
2022,73,서울특별시,경희의료원 어린이집,서울특별시 동대문구 경희대로1나길 56-1,02-958-9850,1996-05-01
2022,74,서울특별시,고려대학교 구로병원 어린이집,서울특별시 구로구 구로동로28길 33-41,02-855-1920,2008-04-01
2022,75,서울특별시,고려대학교 서울캠퍼스 어린이집,서울특별시 성북구 안암동5가 안암로 145 안암동 5가 산 1-92번지,02-3290-1793,2016-09-01
2022,76,서울특별시,고려대학교의료원 안암병원 어린이집,서울특별시 성북구 안암로 145 (안암동5가 산1-61),02-921-6585,2002-03-21
2022,77,서울특별시,관악구청직장어린이집,서울특별시 관악구 관악로 145 관악구청 별관 2층 (봉천동)  [청룡동],02-886-5006,2008-12-01
2022,78,서울특별시,광진구청직장어린이집,서울특별시 광진구 자양로 117 광진구청 1동 777호(자양동),02-450-1650,2003-10-10
2022,79,서울특별시,교보생명다솜이어린이집,서울특별시 종로구 신문로2가 경희궁1가길 3,02-722-2012,2012-12-27
2022,80,서울특별시,교원&하나투어 공동직장어린이집,서울특별시 중구 을지로2가 을지로 55 교원명동빌딩 3층,02-779-6118,2019-05-13
2022,81,서울특별시,구로구청 사랑채움 어린이집,서울특별시 구로구 가마산로 245,02-858-2046,2017-03-03
2022,82,서울특별시,구로행복어린이집,서울특별시 구로구 부광로 88,02-6341-2331,2021-10-01
2022,83,서울특별시,국립중앙도서관책사랑어린이집,서울특별시 서초구 반포대로 201 국립중앙도서관 내 어린이집,02-590-6309,2016-02-04
2022,84,서울특별시,국립중앙박물관 해누림 어린이집,서울특별시 용산구 서빙고로 137 국립중앙박물관,02-2077-9048,2020-03-06
2022,85,서울특별시,국민체육진흥공단어린이집,서울특별시 송파구 올림픽로 424 올림픽공원내 올림픽수영장건물 국민체육진흥공단어린이집,02-410-1248,2003-03-13
2022,86,서울특별시,국방부청사어린이집,서울특별시 용산구 이태원로 22 국방부 (용산동3가),02-798-0097,2009-09-30
2022,87,서울특별시,국회제1어린이집,서울특별시 영등포구 의사당대로 1 국회제1어린이집,02-788-3294,1995-01-14
2022,88,서울특별시,국회제2어린이집,서울특별시 영등포구 의사당대로 1 (여의도동),02-788-4794,2010-02-24
2022,89,서울특별시,국회제3어린이집,서울특별시 영등포구 의사당대로 1,02-780-3420,2014-06-27
2022,90,서울특별시,금나래어린이집,서울특별시 금천구 시흥대로73길 70 금천구청 2층 (시흥동),02-802-1224,2008-12-22
2022,91,서울특별시,금융감독원어린이집,서울특별시 영등포구 여의대로 38 금융감독원어린이집 (여의도동),02-3145-6050,2005-08-08
2022,92,서울특별시,금융투자협회푸르니어린이집,서울특별시 영등포구 여의나루로 67-8,02-780-7789,2011-10-27
2022,93,서울특별시,금천G밸리어린이집,"서울특별시 금천구 두산로 70 현대지식산업센터 티-115,116,117-01",02-2169-2280,2016-03-31
2022,94,서울특별시,나이스 가온 어린이집,서울특별시 영등포구 국회대로74길 19,02-780-9370,2019-02-28
2022,95,서울특별시,노브랜드노블베이비어린이집,서울특별시 송파구 오금로46길 62 2층 (가락동),02-430-8142,2007-12-06
2022,96,서울특별시,노원구청직장어린이집,서울특별시 노원구 노해로 437 (상계동 노원구청직장어린이집),02-3392-1912,1997-09-01
2022,97,서울특별시,놀이존어린이집,서울특별시 강남구 영동대로141길 5,070-4837-0620,2017-10-27
2022,98,서울특별시,농심어린이집,서울특별시 동작구 여의대방로 112,02-822-6800,2013-08-29
2022,99,서울특별시,농협중앙회 별관 어린이집,서울특별시 중구 새문안로 16,02 -2080-8135,2021-11-18
2022,100,서울특별시,농협중앙회어린이집,서울특별시 중구 새문안로 16,02-2080-4941,2012-03-02
2022,101,서울특별시,다람패스트파이브공동직장어린이집,서울특별시 강남구 봉은사로18길 45-1,02-3453-7734,2020-02-28
2022,102,서울특별시,다솜어린이집,서울특별시 서초구 반포대로 180 다솜어린이집[서초경찰서 맞은편],02-592-9944,2005-12-30
2022,103,서울특별시,대웅 리틀베어 어린이집,서울특별시 강남구 봉은사로114길 12,02-550-8885,2011-11-21
2022,104,서울특별시,도봉구청직장어린이집,서울특별시 도봉구 마들로 656 도봉구청내1층직장어린이집,02-2091-5996,2004-02-24
2022,105,서울특별시,도토리소풍넥슨 강남어린이집,서울특별시 강남구 강남대로110길 36 (역삼동),02-538-1026,2020-10-23
2022,106,서울특별시,도토리소풍넥슨 대치어린이집,서울특별시 강남구 역삼로90길 25,02-565-7900,2021-03-30
2022,107,서울특별시,동대문구청직장어린이집,서울특별시 동대문구 고산자로28길 13 (용두동),02-6929-2601,2001-03-01
2022,108,서울특별시,동부법원어린이집,서울특별시 송파구 법원로 101 서울동부지방법원 2층,02-2204-2911,2017-02-20
2022,109,서울특별시,동원어린이집,서울특별시 강남구 개포로15길 29,02-2058-2190,2016-10-25
2022,110,서울특별시,동작구청어린이집,서울특별시 동작구 장승배기로 161 동작구청 47동 2층 2호(노량진동),02-820-1567,2009-02-17
2022,111,서울특별시,디앤오 강서어린이집(구.에스앤아이 강서어린이집),서울특별시 강서구 마곡중앙로 150 2층,02-2088-2021,2018-02-28
2022,112,서울특별시,라이나생명 키즈나루 어린이집,서울특별시 종로구 삼봉로 48 시그나 빌딩 2층,02-3779-8170,2020-03-01
2022,113,서울특별시,로카키즈어린이집,서울특별시 종로구 새문안로2길 10,02-739-8042,2021-04-01
2022,114,서울특별시,롯데mom편한어린이집(구로),"서울특별시 구로구 구일로8길 31 102동 105호(구로동,구로우성아파트)",02-6737-1722,2016-12-27
2022,115,서울특별시,롯데mom편한어린이집(송파),서울특별시 송파구 올림픽로35길 137 한국광고문화회관 5층 3호,02-420-1338,2016-03-31
2022,116,서울특별시,롯데mom편한어린이집(중구),"서울특별시 중구 회현동1가 소공로 35 남산롯데캐슬아이리스 210호, 211호",02-774-4498,2016-03-02
2022,117,서울특별시,롯데mom편한월드점어린이집,서울특별시 송파구 올림픽로 240 롯데월드 240 WB(3호),02-2143-1460,2016-08-02
2022,118,서울특별시,롯데건설어린이집,서울특별시 서초구 강남대로101안길 33,02-6959-5580,2015-02-23
2022,119,서울특별시,롯데백화점노원점어린이집,서울특별시 노원구 상계로9가길 9-1,070-4012-8045,2013-08-30
2022,120,서울특별시,롯데아이사랑어린이집,서울특별시 영등포구 양평동4가 선유로49길 30,070-4849-4493,2014-03-03
2022,121,서울특별시,롯데중앙연구소 mom편한 어린이집,서울특별시 강서구 마곡중앙로 201,02-6309-3148,2018-08-27
2022,122,서울특별시,롯데호텔어린이집,서울특별시 송파구 백제고분로45길 24 정명빌딩 1층 (송파동),02-3431-6110,2003-04-28
2022,123,서울특별시,리틀킹어린이집,서울특별시 강서구 공항대로 607,02-3660-8053,2011-03-11
2022,124,서울특별시,마곡코오롱어린이집,"서울특별시 강서구 마곡동로 110 1층 (마곡동, 코오롱미래기술원)",02-2199-1990,2018-02-27
2022,125,서울특별시,마리오아울렛어린이집,서울특별시 금천구 디지털로9길 23,02-2109-7285,2012-01-20
2022,126,서울특별시,마포구청 직장어린이집,서울특별시 마포구 월드컵로 212 마포구청 1층,02-302-8754,2005-02-28
2022,127,서울특별시,메리츠어린이집,서울특별시 영등포구 국제금융로2길 11,02-6464-3310,2014-04-04
2022,128,서울특별시,명동하나금융그룹직장어린이집,서울특별시 중구 을지로2가 을지로 66 하나금융그룹 명동사옥 2층,02-319-9606,2019-02-27
2022,129,서울특별시,모두의 숲 어린이집,서울특별시 성동구 상원6나길 22-7,02-463-0312,2020-04-27
2022,130,서울특별시,목동하나금융그룹 직장어린이집,서울특별시 양천구 목동동로 347 한국외환은행 목동지점 3층,02-2654-9108,2014-04-03
2022,131,서울특별시,무궁화어린이집,서울특별시 종로구 자하문로28길 8 외 1 (궁정동),02-730-2486,2016-02-22
2022,132,서울특별시,무역센터 꿈나무 어린이집,서울특별시 강남구 영동대로 513 컨벤션센터 2층,02-6000-8355,2007-02-27
2022,133,서울특별시,무지개어린이집,서울특별시 서초구 신흥말길 79-3,02 -2226-9377,2022-02-23
2022,134,서울특별시,미래나무어린이집,서울특별시 종로구 종로33길 15 (연지동),02-747-9557,2012-08-27
2022,135,서울특별시,미즈메디어린이집,서울특별시 강서구 우장산로4길 25 1004동 1층 101호,02-2659-1419,2016-07-27
2022,136,서울특별시,바로미어린이집,서울특별시 서초구 서초중앙로 157 서울법원종합청사별관 (서초동),02-530-2632,2002-10-15
2022,137,서울특별시,법무부 남부보라미어린이집,서울특별시 구로구 금오로 865 법무부 서울남부구치소내 체육관 1층,02-2611-1122,2012-08-29
2022,138,서울특별시,블랭크어린이집,서울특별시 강남구 선릉로93길 40 1층,02-6230-0100,2020-02-27
2022,139,서울특별시,사이언스파크어린이집,서울특별시 강서구 마곡중앙10로 30,02-6941-0302,2018-02-28
2022,140,서울특별시,삼성GEC어린이집,서울특별시 강동구 상일로6길 26,02-2053-6200,2012-04-20
2022,141,서울특별시,삼성SDS 꿈토란어린이집,서울특별시 마포구 월드컵북로60길 24 삼성SDS 상암IT센터 1층,02-6440-7170,2015-06-19
2022,142,서울특별시,삼성SDS더자람어린이집,서울특별시 송파구 올림픽로35길 123 3층,02-2152-7255,2013-04-26
2022,143,서울특별시,삼성물산강동어린이집,서울특별시 강동구 상일로6길 26 글로벌엔지니어링센터 B동 2층,02-481-9961,2018-03-27
2022,144,서울특별시,삼성서울병원 어린이집,서울특별시 강남구 광평로31길 66 (수서동),02-3411-9141,1995-04-03
2022,145,서울특별시,삼성서울병원2 어린이집,서울특별시 강남구 양재대로55길 12,02-3411-3140,2021-02-25
2022,146,서울특별시,삼성전자서울R&D캠퍼스어린이집,서울특별시 서초구 성촌길 67 삼성전자서울알앤디캠퍼스어린이집,02-6147-9801,2016-02-17
2022,147,서울특별시,삼양어린이집,서울특별시 종로구 종로33길 31,02-760-5081,2018-02-28
2022,148,서울특별시,삼육서울병원직장어린이집,서울특별시 동대문구 망우로 82,02-2210-3238,1995-05-11
2022,149,서울특별시,삼일어린이집,서울특별시 용산구 한강로2가 한강대로 95 래미안용산더센트럴 410호,02-794-8831,2018-04-25
2022,150,서울특별시,상계백병원어린이집,서울특별시 노원구 상계로12길 12-10 인성관1층 (상계동),02-950-4893,2005-03-08
2022,151,서울특별시,상명행복어린이집,서울특별시 종로구 홍지문2길 37,02-2287-5223,2016-02-15
2022,152,서울특별시,서대문구청직장어린이집,서울특별시 서대문구 홍제천로 182 (연희동),02-323-3360,2009-07-01
2022,153,서울특별시,서비스에이스 하람어린이집,서울특별시 영등포구 문래로28길 25 에스타워 3층(문래동3가),02-6256-0190,2020-03-16
2022,154,서울특별시,서소문삼성어린이집,"서울특별시 중구 을지로1가 을지로 19 2,3,5층 서소문삼성어린이집",02-757-5463,2003-02-25
2022,155,서울특별시,서울경찰청어린이집,서울특별시 종로구 사직로8길 31,02-720-8502,2016-08-26
2022,156,서울특별시,서울교통공사 어린이집,서울특별시 성동구 자동차시장길 22 인재개발원 1층,02-6110-8093,2017-09-27
2022,157,서울특별시,서울교통공사대공원어린이집,서울특별시 광진구 능동로 247-1 (군자동),02-6311-7979,2001-10-01
2022,158,서울특별시,서울금천경찰서어린이집,서울특별시 금천구 시흥대로73길 50,02 -806 -7234,2022-02-28
2022,159,서울특별시,서울남부지방법원 직장어린이집,서울특별시 양천구 신월로 386 별관 5층,02 -2192-1930,2020-06-24
2022,160,서울특별시,서울대학교병원어린이집,서울특별시 종로구 동숭3길 40,02-2072-2260,1995-03-01
2022,161,서울특별시,서울대학교어린이보육지원센터 느티나무어린이집,서울특별시 관악구 관악로 1 (봉천동) [낙성대동],02-880-5798,2011-07-22
2022,162,서울특별시,서울대학교어린이보육지원센터 백학어린이집,서울특별시 관악구 관악로 1 (봉천동) [낙성대동],02-880-5767,1998-03-04
2022,163,서울특별시,서울도봉경찰서어린이집,서울특별시 도봉구 노해로 403,02 -906 -8190,2020-08-31
2022,164,서울특별시,서울북부지방법원어린이집,서울특별시 도봉구 마들로 749 서울북부지방법원,02-910-3950,2016-03-24
2022,165,서울특별시,서울서부지방법원 어린이집,서울특별시 마포구 마포대로 199 4층,02-3271-9270,2019-02-14
2022,166,서울특별시,서울성모병원어린이집,서울특별시 서초구 반포대로 222 강남성모병원 내 별관 2층 어린이집 (반포동),02-2258-8180,1998-08-01
2022,167,서울특별시,서울세관 직장어린이집,서울특별시 강남구 언주로 721 서울세관 별관동 1층,02-510-1990,2017-06-22
2022,168,서울특별시,서울소방학교 직장어린이집,서울특별시 은평구 통일로 1031-21,02-351-7125,2020-02-20
2022,169,서울특별시,서울시농수산식품공사올본어린이집,서울특별시 송파구 양재대로 932 서울특별시농수산식품공사 3층,02-3435-1212,2016-02-26
2022,170,서울특별시,서울시립대학교직장어린이집,서울특별시 동대문구 서울특별시립대로 163 서울특별시립대학교직장어린이집,02-2213-9566,2018-03-01
2022,171,서울특별시,서울시설공단 누비어린이집,서울특별시 성동구 왕십리로26길 29,02-2298-2800,2017-04-26
2022,172,서울특별시,서울시인재개발원 쑥쑥어린이집,서울특별시 서초구 남부순환로340길 58 서울특별시인재개발원직장어린이집,02-523-2527,2008-05-01
2022,173,서울특별시,서울시청직장어린이집,서울특별시 중구 서소문로11길 24 5-1번지 서울특별시청직장어린이집,02-775-5491,2000-02-01
2022,174,서울특별시,서울아산병원어린이집,서울특별시 송파구 올림픽로43길 88 (서울특별시 송파구 강동대로13)(풍납동),02-3010-6902,1997-03-29
2022,175,서울특별시,서울아산병원제2어린이집,서울특별시 송파구 강동대로 13,02-2045-3935,2021-02-19
2022,176,서울특별시,서울의료원어린이집,서울특별시 중랑구 신내로 156 (신내동),02-2276-7601,2011-08-03
2022,177,서울특별시,서울주택도시공사 으뜸어린이집,서울특별시 강남구 개포로 621 SH공사 14동 5호(개포동),02-6940-8680,1999-01-12
2022,178,서울특별시,서울지방국세청 우리누리어린이집,서울특별시 종로구 종로5길 86,02 -739 -5100,2020-07-01
2022,179,서울특별시,서울청사푸르미어린이집,서울특별시 종로구 세종로 세종대로 209 서울청사 푸르미어린이집,02-737-7327,2009-08-26
2022,180,서울특별시,서울청사한빛어린이집,서울특별시 종로구 효자로 39 서울청사한빛어린이집 (창성동),02-735-6400,2005-03-15
2022,181,서울특별시,서울테크노파크친친어린이집,"서울특별시 노원구 공릉로 232 (공릉동, 서울과기대 내 서울테크노파크친친 어린이집)",02-944-6100,2017-09-25
2022,182,서울특별시,서울특별시립보라매병원어린이집,서울특별시 동작구 보라매로5길 20 시립보라매병원 본관3층 (신대방동),02-870-2935,2003-09-20
2022,183,서울특별시,서초1삼성어린이집,서울특별시 서초구 서초대로74길 11 삼성전자 內 (서초동),02-2255-2130,2008-10-29
2022,184,서울특별시,서초2삼성어린이집,서울특별시 서초구 서초대로74길 4 삼성생명 서초타워 3층,02-2055-3481,2011-12-14
2022,185,서울특별시,서초구청 직장어린이집,서울특별시 서초구 남부순환로347길 46 (서초동),02-598-9341,2008-03-05
2022,186,서울특별시,성동구청 무지개 어린이집,서울특별시 성동구 왕십리로 281 (행당동)1층,02-2286-6095,2004-09-01
2022,187,서울특별시,성모어린이집,서울특별시 영등포구 63로 10,02-3779-1970,1998-04-29
2022,188,서울특별시,성북구청직장어린이집,서울특별시 성북구 보문로 168 1층 (삼선동5가),02-2241-4861,2004-08-04
2022,189,서울특별시,세브란스어린이집,서울특별시 서대문구 연대동문길 41 세브란스 어린이집,02-312-7990,2001-02-28
2022,190,서울특별시,세아별어린이집,서울특별시 강남구 영동대로 325 해암빌딩 2층,02-553-7212,2015-03-06
2022,191,서울특별시,솔빛어린이집,서울특별시 강남구 압구정로80길 17 2층,02-6979-1060,2016-03-10
2022,192,서울특별시,송파구청어린이집,서울특별시 송파구 올림픽로 326 (신천동),02-2147-4268,1998-03-02
2022,193,서울특별시,수도방위사령부 한울어린이집,서울특별시 관악구 과천대로 851,02-524-1614,2014-03-19
2022,194,서울특별시,수협아라맘어린이집,서울특별시 송파구 오금로 62,02 -425 -3201,2021-09-07
2022,195,서울특별시,숙명여자대학교어린이집,서울특별시 용산구 청파동2가 청파로47길 100 숙명여자대학교 사회교육관 1층,02-2077-7952,2014-02-27
2022,196,서울특별시,순천향대학교서울병원어린이집,서울특별시 용산구 대사관로34가길 2-18,02-795-1007,2016-04-11
2022,197,서울특별시,숭실대학교어린이집,서울특별시 동작구 상도로67길 20,02-816-4040,2014-02-18
2022,198,서울특별시,신한 신이한이양천 어린이집,서울특별시 양천구 목동동로 10 상가A동 126호,02-2648-7060,2017-02-28
2022,199,서울특별시,신한꿈나무어린이집,서울특별시 중구 을지로2가 삼일대로 358 신한L타워 3층,02-6250-8091,2018-08-31
2022,200,서울특별시,신한신이한이강북어린이집,서울특별시 강북구 도봉로 364 강북금융센터 3층,02-900-7060,2016-11-18
2022,201,서울특별시,신한신이한이송파어린이집,서울특별시 송파구 중대로 68 2층,02-404-7060,2017-02-08
2022,202,서울특별시,아모레퍼시픽 서울어린이집,서울특별시 용산구 한강로2가 한강대로 100 (주)아모레퍼시픽 2층,02-709-5193,2017-12-05
2022,203,서울특별시,아이누리 어린이집,서울특별시 종로구 사직로8길 20 파크팰리스 제1층 제101호,02-6959-7695,2015-02-24
2022,204,서울특별시,아이앤어린이집,서울특별시 강남구 봉은사로68길 35-2,02-6203-5425,2016-09-02
2022,205,서울특별시,아이제일어린이집,서울특별시 용산구 이태원로49길 24-7 아이제일어린이집 (한남동),02-797-8551,2008-05-21
2022,206,서울특별시,안암동 하나금융그룹 직장어린이집,서울특별시 성북구 안암동5가 안암로 75,02-6380-2782,2013-10-02
2022,207,서울특별시,양지1어린이집,"서울특별시 서초구 샘마을길 73 내곡동, 양지1어린이집",02-577-2091,2006-12-29
2022,208,서울특별시,양지2어린이집,서울특별시 서초구 샘마을길 73,02-3411-3557,2015-01-16
2022,209,서울특별시,양천구청 직장어린이집,서울특별시 양천구 목동동로 81 해누리타운 1층 (신정동),02-2061-0665,2011-02-25
2022,210,서울특별시,엘지유플러스어린이집,서울특별시 용산구 한강로3가 한강대로 32,070-8277-4119,1996-04-18
2022,211,서울특별시,여의도 하나금융그룹 직장어린이집,서울특별시 영등포구 여의나루로 53-1 3층,02-780-3220,2019-04-09
2022,212,서울특별시,여의도순복음어린이집,서울특별시 영등포구 국회대로76길 25 (여의도동),02-785-3927,2006-01-19
2022,213,서울특별시,연세대학교유진어린이집,서울특별시 서대문구 연세로 50 연세대학교 (신촌동),02-2123-8266,2010-03-08
2022,214,서울특별시,영등포경찰서어린이집,서울특별시 영등포구 양평동6가 양평로28라길 9,02-3667-0209,2016-08-29
2022,215,서울특별시,영등포구청직장어린이집,서울특별시 영등포구 당산동3가 선유동1로 80 영등포구청직장어린이집,02-2678-1221,1997-04-01
2022,216,서울특별시,예금보험공사어린이집,서울특별시 중구 청계천로 30 2층,02-318-3701,2013-07-12
2022,217,서울특별시,오뚜기 어린이집,서울특별시 강남구 영동대로 308 2층,02-2010-0200,2018-03-09
2022,218,서울특별시,용산구청직장어린이집,서울특별시 용산구 녹사평대로 150 종합행정타운 1층 (이태원동),02-794-2543,2010-04-13
2022,219,서울특별시,용산소방서직장어린이집,서울특별시 용산구 한강대로 167 용산소방서,02-749-6034,2020-02-27
2022,220,서울특별시,우리누리 어린이집(강남),서울특별시 강남구 테헤란로 114 국세종합상담센터 (역삼동),02-556-3331,2006-09-27
2022,221,서울특별시,우리누리 어린이집(중구),서울특별시 중구 삼일대로 340 나라키움빌딩 2층 (저동1가),02-2260-0257,2008-10-15
2022,222,서울특별시,우리누리송파어린이집,서울특별시 송파구 강동대로 62 (풍납동),02-488-5450,2015-02-25
2022,223,서울특별시,우리누리어린이집(동대문),서울특별시 동대문구 약령시로 159 (청량리동),02-963-5885,2008-05-28
2022,224,서울특별시,우리누리어린이집(영등포),서울특별시 영등포구 선유로 243,02-3667-0801,2007-10-05
2022,225,서울특별시,우리에프아이에스어린이집,서울특별시 마포구 월드컵북로60길 17 3층,02-302-6393,2019-02-21
2022,226,서울특별시,우리은행 어린이집,서울특별시 마포구 월드컵북로60길 17 우리금융상암센터 2층 보육시설,02-3151-3865,2010-02-26
2022,227,서울특별시,우리은행어린이집(성동),서울특별시 성동구 성수동2가 광나루로 324 우리은행 화양동지점,02-463-5015,2013-09-11
2022,228,서울특별시,우리은행어린이집(중구),서울특별시 중구 회현동1가 소공로 51,02-2002-3095,2016-08-25
2022,229,서울특별시,우아한어린이집,서울특별시 송파구 올림픽로32길 37-22,02-422-9941,2020-03-06
2022,230,서울특별시,워커힐행복어린이집,서울특별시 광진구 워커힐로 177 (광장동),02-450-6500,2012-06-20
2022,231,서울특별시,유한버들새싹어린이집,서울특별시 동작구 노량진로 74 유한양행,02-828-2506,2020-02-20
2022,232,서울특별시,은평구청어린이집,서울특별시 은평구 은평로 195 은평구청 별관1층(녹번동),02-3157-1552,2008-01-29
2022,233,서울특별시,은평성모병원어린이집,서울특별시 은평구 통일로 1021 별관2층,02-2030-4988,2019-04-01
2022,234,서울특별시,을지로 하나금융그룹 직장어린이집,서울특별시 중구 을지로2가 을지로 55 하나은행 2층,02-779-6227,2013-08-30
2022,235,서울특별시,이글아이어린이집,서울특별시 양천구 화곡로 25,070-7379-5603,2016-02-26
2022,236,서울특별시,이글아이영아어린이집,"서울특별시 양천구 화곡로3길 27-8 101동 103호(신월동, 제일아파트)",02-2602-2902,2018-06-28
2022,237,서울특별시,이노키즈어린이집,서울특별시 서초구 서초중앙로8길 47,02-581-5345,2018-03-01
2022,238,서울특별시,이랜드코코몽 어린이집,서울특별시 금천구 가산디지털1로 159,02-858-5579,2013-03-26
2022,239,서울특별시,이마트어린이집,서울특별시 성동구 성수동2가 뚝섬로 377,02-380-9105,2011-03-01
2022,240,서울특별시,이화오뚜기어린이집,서울특별시 서대문구 이화여대길 52 어린이집,02-3277-6607,2012-03-08
2022,241,서울특별시,이화의료원어린이집,서울특별시 강서구 공항대로 260 B관 4층,02-6986-5950,2019-09-18
2022,242,서울특별시,종로구청직장어린이집,서울특별시 종로구 삼봉로 43 (수송동),02-720-5852,1998-03-02
2022,243,서울특별시,중랑경찰서어린이집,서울특별시 중랑구 신내역로3길 40-10,02 -3423-3330,2022-02-24
2022,244,서울특별시,중랑구청직장어린이집,"서울특별시 중랑구 봉화산로 179 (신내동, 중랑구청 1층)",02-3422-3687,1997-06-01
2022,245,서울특별시,중앙그룹직장어린이집,서울특별시 마포구 월드컵북로 375,070-8672-9249,2020-08-26
2022,246,서울특별시,중앙대학교어린이집,서울특별시 동작구 흑석로 84 중앙대학교 307관 1층,02-881-7395,2016-09-12
2022,247,서울특별시,중앙대학교의료원 어린이집,서울특별시 동작구 흑석한강로 27 (흑석동 336) 흑석한강푸르지오 상가D동 B102,02-6332-0998,2011-09-16
2022,248,서울특별시,지마켓 베이트리 어린이집,서울특별시 강남구 테헤란로25길 53,02-566-3236,2013-03-01
2022,249,서울특별시,지밸리경협어린이집,"서울특별시 금천구 가산디지털1로 1 더루벤스밸리 305,306,307호",02-830-1501,2017-03-27
2022,250,서울특별시,지예슬어린이집,서울특별시 강남구 테헤란로25길 43,02-3453-5638,2012-03-02
2022,251,서울특별시,청정원 마곡 어린이집,서울특별시 강서구 초원로16길 12,02 -2664-1613,2022-06-14
2022,252,서울특별시,청정원 종로 어린이집,서울특별시 종로구 창경궁로 120,02-2231-1896,2021-12-01
2022,253,서울특별시,카페24직장어린이집,서울특별시 관악구 보라매로3길 23,02 -6279-2411,2020-08-25
2022,254,서울특별시,케이알엑스푸르니어린이집,서울특별시 영등포구 여의나루로 76,02-3774-4495,2006-04-14
2022,255,서울특별시,케이티앤지 어린이집,서울특별시 강남구 영동대로 416,02 -566 -1696,2022-08-23
2022,256,서울특별시,코레일오류동어린이집,서울특별시 구로구 경인로20가길 24 오류동 행복주택 내 직장어린이집,02-2612-2762,2005-04-07
2022,257,서울특별시,코스콤푸르니어린이집,서울특별시 영등포구 여의나루로4길 21,02 -761 -9881,2022-02-23
2022,258,서울특별시,쿠키즈(coukids) 어린이집,서울특별시 강남구 테헤란로 332 HJ타워 3층,02-6204-2114,2021-03-26
2022,259,서울특별시,쿠팡(위례)어린이집,서울특별시 송파구 위례광장로 188 아이온스퀘어 2F,02-400-7790,2020-10-13
2022,260,서울특별시,크래프톤 역삼 어린이집,서울특별시 강남구 논현로99길 21,02 -555 -6645,2021-08-27
2022,261,서울특별시,키즈일레븐어린이집,서울특별시 중구 한강대로 416 2층,02-6456-8560,2020-02-25
2022,262,서울특별시,토리좋은세상어린이집,서울특별시 양천구 신목로5길 5,02 -6734-6000,2022-06-22
2022,263,서울특별시,포스코 제1 어린이집,서울특별시 강남구 테헤란로 440 (대치동),02-3457-6282,2010-03-02
2022,264,서울특별시,포스코 제2 어린이집,서울특별시 강남구 테헤란로 440 포스코센터 4층,02-3457-6591,2020-03-01
2022,265,서울특별시,푸르니서초 어린이집,서울특별시 서초구 효령로67길 4 (서초동),02-525-1232,2003-09-09
2022,266,서울특별시,푸르지오비씨 어린이집,서울특별시 중구 을지로4가 을지로 170,02-2288-2761,2016-02-25
2022,267,서울특별시,푸른솔어린이집,서울특별시 송파구 정의로 30,02-430-5599,2017-03-03
2022,268,서울특별시,풀무원어린이집,서울특별시 강남구 광평로 280 4층,02-3412-7007,2014-03-07
2022,269,서울특별시,한국공항공사어린이집,서울특별시 강서구 하늘길 78 .,02-2660-2630,2016-03-01
2022,270,서울특별시,한국교직원공제회어린이집,서울특별시 영등포구 여의나루로 50 한국교직원공제회관 2층,02-786-1508,2018-03-28
2022,271,서울특별시,한국국방연구원 직장어린이집,서울특별시 동대문구 회기로 85 800동 (회기동),02-959-2169,2016-02-26
2022,272,서울특별시,한국수출입은행 꿈누리 어린이집,서울특별시 영등포구 은행로 38,02-6255-5696,2012-02-20
2022,273,서울특별시,한국쓰리엠어린이집,서울특별시 영등포구 의사당대로 82 하나금융투자빌딩 2층,02-761-6981,2017-01-25
2022,274,서울특별시,한국외국어대학교어린이집,서울특별시 동대문구 천장산로9길 11,02-2173-2518,2017-06-12
2022,275,서울특별시,한국원자력의학원어린이집,서울특별시 노원구 노원로 75 한국원자력의학원어린이집 (공릉동),02-970-2137,1996-11-04
2022,276,서울특별시,한국은행 어린이집,서울특별시 중구 남대문로2가 남대문로 55 한국은행 소공별관,02-750-6701,2010-02-26
2022,277,서울특별시,한국환경산업기술원 초록꿈나무 직장어린이집,서울특별시 은평구 진흥로 215 A동,02-356-7071,2020-04-01
2022,278,서울특별시,한국휴렛팩커드푸르니 어린이집,서울특별시 영등포구 국제금융로8길 27-8 엔에이치농협캐피탈빌딩 2층,02-780-7037,2009-02-27
2022,279,서울특별시,한샘어린이집(마포),서울특별시 마포구 성암로 179,02-6470-6300,2017-12-08
2022,280,서울특별시,한샘어린이집(서초),서울특별시 서초구 방배로 285 한샘빌딩,02-6908-4051,2020-05-01
2022,281,서울특별시,한섬아이어린이집,"서울특별시 강남구 언주로 808 2,3층(신사동, 유성빌딩)",02-540-1114,2016-09-29
2022,282,서울특별시,한세예스24 어린이집,서울특별시 영등포구 은행로 25 안원빌딩 2층,02-780-6889,2015-09-01
2022,283,서울특별시,한솔교육&CJ키즈빌어린이집,서울특별시 마포구 월드컵북로 361 5층,02-6393-0640,2012-03-02
2022,284,서울특별시,한숲어린이집,서울특별시 종로구 통일로 134(평동) 디타워돈의문 2층,02-735-1712,2016-09-02
2022,285,서울특별시,한양대학교 한양어린이집,서울특별시 성동구 왕십리로 222-1 한양대학교 내,02-2220-1528,1999-02-20
2022,286,서울특별시,한화여의도어린이집,서울특별시 영등포구 여의대로 56,02-3772-8165,2014-02-06
2022,287,서울특별시,한화태평로어린이집,서울특별시 중구 태평로2가 세종대로 92 4층,02-6366-7120,2014-02-10
2022,288,서울특별시,해군바다마을어린이집,서울특별시 영등포구 가마산로 540,02-834-7004,2017-02-24
2022,289,서울특별시,햇살가득어린이집,서울특별시 마포구 새창로6길 16 새창로6길 15(추후수정-도로명연동불가),02-719-9995,2017-08-30
2022,290,서울특별시,행복타운어린이집,서울특별시 마포구 마포대로 144 마포T타운 2층,070-7470-7580,2020-04-28
2022,291,서울특별시,현대글로비스 서울숲 어린이집,서울특별시 성동구 서울숲4길 5,02-462-2111,2021-10-28
2022,292,서울특별시,현대다솜어린이집,서울특별시 종로구 창덕궁길 19 현대다솜어린이집,02-746-7601,2013-08-27
2022,293,서울특별시,현대모비스모아어린이집,서울특별시 강남구 테헤란로13길 34,02-3454-0062,2020-07-23
2022,294,서울특별시,현대백화점 직장어린이집,서울특별시 강남구 테헤란로98길 12,02-6904-0992,2021-08-27
2022,295,서울특별시,현대양재어린이집,서울특별시 서초구 염곡말길 17-6,02-578-8845,2013-06-25
2022,296,서울특별시,현대오토에버 늘해랑어린이집,서울특별시 강남구 삼성로84길 13,02-3453-0053,2020-10-14
2022,297,서울특별시,현대오토에버 어린이집,서울특별시 강남구 테헤란로113길 12,02-6200-4055,2019-01-01
2022,298,서울특별시,현대캐피탈 도담어린이집,서울특별시 중구 세종대로 14,02 -6411-6191,2022-10-20
2022,299,서울특별시,현대해상 온마음어린이집,서울특별시 종로구 신문로2가 경희궁1길 9,02-725-5355,2014-02-26
2022,300,서울특별시,현대홈키즈어린이집,"서울특별시 강동구 올림픽로70길 34 현대홈쇼핑 1층, 현대홈키즈어린이집",02-484-0508,2018-04-30
2022,301,서울특별시,홈앤쇼핑 어린이집,서울특별시 강서구 공항대로 150 홈앤쇼핑 3층,02-2662-0720,2022-03-15
2022,302,서울특별시,홈플러스어린이집,"서울특별시 강서구 화곡로 398 1층(등촌동, 홈플러스 강서점 앤 본사사옥)",070-4727-8805,2016-08-23
2022,303,서울특별시,효성ITX어린이집,서울특별시 영등포구 양평동4가 선유동2로 57,02-2068-1920,2016-02-25
2022,304,서울특별시,효성어린이집,서울특별시 마포구 마포대로 119 (공덕동)  4층,02-3774-4678,2015-02-26
2022,305,부산광역시,BIFC어린이집,"부산광역시 남구 문현금융로 40 문현국제금융센터, 101호(문현동)",051-647-9031,2014-11-28
2022,306,부산광역시,BIFC푸른바다어린이집,부산광역시 남구 문현금융로 40 부산국제금융센터 203호 (문현동),051-647-9041,2018-02-26
2022,307,부산광역시,BNK금정어린이집,부산광역시 금정구 금강로 324 (장전동),051-513-2561,2015-08-21
2022,308,부산광역시,BNK사하어린이집,부산광역시 사하구 낙동대로295번길 16,051-294-8954,2016-02-24
2022,309,부산광역시,BNK전포동어린이집,부산광역시 부산진구 중앙대로 807 부산은행 전포동지점 1층내 (부전동),051-819-9413,2011-02-22
2022,310,부산광역시,BNK해운대어린이집,부산광역시 해운대구 대천로42번길 42 (중동),051-746-2619,2015-02-23
2022,311,부산광역시,GKL행복어린이집,"부산광역시 동구 자성로 134 (범일동, 눌원빌딩)",051-647-9551,2015-12-24
2022,312,부산광역시,HF보금자리어린이집,부산광역시 남구 문현금융로 40,051-637-0408,2022-09-23
2022,313,부산광역시,IBK 참 좋은 어린이집,부산광역시 동구 중앙대로 489 (범일동),051-633-3800,2013-04-12
2022,314,부산광역시,KR 단미래 어린이집,부산광역시 강서구 명지오션시티9로 36,070-8799-8170,2013-02-28
2022,315,부산광역시,PNC어린이집,부산광역시 강서구 신항남로 372,070-4145-5327,2017-03-27
2022,316,부산광역시,금정구청어린이집,부산광역시 금정구 중앙대로 1777 금정구청내 금정구청어린이집,051-519-4327,2004-05-10
2022,317,부산광역시,기장소방서공동직장어린이집,부산광역시 기장군 정관읍 용수로 7,051-760-5187,2022-02-21
2022,318,부산광역시,남해지방해양경찰청어린이집,부산광역시 영도구 해양로 293 남해지방해양경찰청어린이집,051-717-3698,2016-02-26
2022,319,부산광역시,녹산산단바른어린이집,부산광역시 강서구 녹산산단335로 11 (송정동),051-831-5022,2016-03-16
2022,320,부산광역시,동국제강부산어린이집,부산광역시 남구 분포로 113 231동 101호,051-622-2017,2017-02-23
2022,321,부산광역시,동남권원자력의학원어린이집,부산광역시 기장군 좌동길 40 동남권원자력의학원,051-727-5897,2012-06-08
2022,322,부산광역시,동아대학교 직장어린이집,부산광역시 사하구 낙동대로550번길 37 한림생활관 승학2관 지하1층,051-200-5985,2016-08-23
2022,323,부산광역시,동의대학교부속동의어린이집,부산광역시 부산진구 엄광로 176  (가야동),051-890-2981,2010-02-25
2022,324,부산광역시,메리놀병원어린이집,부산광역시 중구 대청동4가 중구로 121 (메리놀병원),051-461-2319,2016-03-11
2022,325,부산광역시,명지녹산산단 명지어린이집,부산광역시 강서구 명지오션시티11로 79 (명지동),051-208-7009,2020-10-29
2022,326,부산광역시,봉생어린이집,부산광역시 동구 고관로 160-4 (좌천동),051-643-5191,1999-10-29
2022,327,부산광역시,부경대학교어린이집,"부산광역시 남구 용소로 45 C14 부경대학교어린이집(대연동, 부경대학교)",051-629-7493,2016-02-17
2022,328,부산광역시,부민병원어린이집,부산광역시 북구 의성로95번길 11,051-333-3507,2013-05-31
2022,329,부산광역시,부민병원어린이집,부산광역시 해운대구 우동1로 9-28 상가1층,051-743-6512,2017-03-31
2022,330,부산광역시,부산 하나금융 공동직장어린이집,부산광역시 연제구 반송로 10 2층,051-852-9372,2019-06-26
2022,331,부산광역시,부산검찰어린이집,부산광역시 연제구 법원로 15 (거제동),051-506-8860,2013-02-28
2022,332,부산광역시,부산경찰청어린이집,부산광역시 동래구 쇠미로17번길 8 부산경찰청어린이집,051-505-9330,2016-08-26
2022,333,부산광역시,부산광역시청어린이집,부산광역시 부산진구 거제천로40번길 31 (양정동),051-866-2918,2007-03-05
2022,334,부산광역시,부산교통공사 휴메트로어린이집,부산광역시 부산진구 중앙대로644번길 20 부산교통공사,051-636-0831,2012-07-25
2022,335,부산광역시,부산대학교 직장어린이집,부산광역시 금정구 부산대학로63번길 2 (장전동),051-510-3626,2017-02-27
2022,336,부산광역시,부산백병원어린이집,"부산광역시 부산진구 엄광로 68 102동 103호(개금동, 벽산아파트)",051-897-6506,2017-03-13
2022,337,부산광역시,부산법원어린이집,부산광역시 연제구 법원로 31 (거제동),051-501-3357,2008-02-15
2022,338,부산광역시,부산서부지원어린이집,부산광역시 강서구 명지국제7로 77 부산지방법원 서부지원2층,051-812-1520,2017-09-01
2022,339,부산광역시,부산성모병원어린이집,부산광역시 남구 용호로232번길 25-14 (용호동),051-627-7787,2016-04-14
2022,340,부산광역시,부산세관어린이집,부산광역시 중구 충장대로 20 (중앙동4가),051-620-6088,2008-07-01
2022,341,부산광역시,부산의료원어린이집,부산광역시 연제구 월드컵대로 359 (거제동) 부산광역시의료원,051-607-2553,2013-09-02
2022,342,부산광역시,부산정관산업단지 공동직장 어린이집,부산광역시 기장군 정관읍 산단로 363,051-710-0062,2019-02-28
2022,343,부산광역시,부산지방국세청 우리누리어린이집,부산광역시 연제구 연제로 12,051-750 -7945,2021-09-24
2022,344,부산광역시,부산진구청어린이집,부산광역시 부산진구 시민공원로 30 부산진구청내 보육시설,051-802-4858,2013-09-27
2022,345,부산광역시,사하경찰서어린이집,부산광역시 사하구 을숙도대로 665,051-203-7898,2020-08-26
2022,346,부산광역시,삼성전기부산어린이집,부산광역시 강서구 녹산산업중로 333 삼성전기 부산공장 33호동(여자기숙사) (송정동),051-970-9041,2007-03-02
2022,347,부산광역시,센텀가온어린이집,"부산광역시 해운대구 센텀서로 39 1층(우동, 영상산업센터)",051-747-7028,2018-01-18
2022,348,부산광역시,신세계어린이집,부산광역시 해운대구 센텀남대로 35 신세계백화점내 2층 (우동),051-745-2411,2011-02-24
2022,349,부산광역시,안델센어린이집,부산광역시 기장군 장안읍 장안산단4로 42,051-727-4377,2018-03-01
2022,350,부산광역시,연제어린이집,부산광역시 연제구 중앙천로19번길 20,051-989-1001,2019-02-22
2022,351,부산광역시,온종합병원어린이집,부산광역시 부산진구 가야대로 721 온종합병원어린이집,051-607-0768,2018-10-22
2022,352,부산광역시,이케아 다기스(동부산)어린이집,부산광역시 기장군 기장읍 동부산관광3로 17,051-723-3371,2020-02-06
2022,353,부산광역시,인제대학교 해운대백병원 사랑누리어린이집,"부산광역시 해운대구 세실로 19 112-101(좌동, 대우1차아파트)",051-949-0797,2017-02-17
2022,354,부산광역시,좋은강안어린이집,부산광역시 수영구 수영로 493 좋은강안병원,051-610-9966,2016-01-08
2022,355,부산광역시,좋은문화어린이집,부산광역시 동구 범일일길 40,051-998-0543,2016-05-02
2022,356,부산광역시,좋은삼선어린이집,부산광역시 사상구 가야대로310번길 8 (주례동),051-326-5100,2004-04-13
2022,357,부산광역시,충렬어린이집,부산광역시 해운대구 좌동순환로15번길 24 101동 뒤,051-742-2365,2017-02-24
2022,358,부산광역시,코레일부산어린이집,부산광역시 부산진구 백양대로 49  (당감동),051-896-3325,2008-02-28
2022,359,부산광역시,한국해양어린이집,부산광역시 영도구 태종로 727,051-410-5300,2018-05-28
2022,360,부산광역시,한수원 한빛어린이집,부산광역시 기장군 장안읍 천산로 28 한빛아파트 2단지내,051-727-3994,2008-03-07
2022,361,부산광역시,해군작전사 바다별어린이집,부산광역시 남구 신선로 393-15 용당해군숙소,051-627-2014,2014-12-15
2022,362,부산광역시,해성어린이집,부산광역시 강서구 공항진입로42번길 20,051-941-0177,2021-12-01
2022,363,부산광역시,행복누리어린이집,부산광역시 동구 자성로 134 (범일동),051-637-2527,2008-10-01
2022,364,부산광역시,현대해상온마음어린이집,부산광역시 동구 고관로13번길 31,051-468-9979,2016-02-29
2022,365,대구광역시,DGB아이꿈터달서어린이집,대구광역시 달서구 월배로 109,053-637-1600,2018-02-21
2022,366,대구광역시,DGB아이꿈터어린이집,대구광역시 수성구 달구벌대로 2271-5,053-742-5206,2008-02-28
2022,367,대구광역시,DGIST직장어린이집,대구광역시 달성군 현풍읍 테크노중앙대로 333 비슬빌리지 302동 1층,070-4145-2018,2018-12-21
2022,368,대구광역시,LH대구경북어린이집,대구광역시 달서구 상화로 272 (도원동) LH대구경북지역본부,053-637-7977,2020-12-23
2022,369,대구광역시,강철직장어린이집,대구광역시 북구 구리로 183-28,053-313 -6755,2022-10-11
2022,370,대구광역시,개똥이어린이집,대구광역시 북구 구암로60길 46-13,053-710-7911,2005-11-10
2022,371,대구광역시,경북대학교병원어린이집,대구광역시 중구 국채보상로140길 24-7(동인동 2가),053-261-1710,2019-02-25
2022,372,대구광역시,경북대학교어린이집,대구광역시 북구 대학로 80 206동(산격동),053-950-5984,2017-02-17
2022,373,대구광역시,계명문화대학교부설어린이집,대구광역시 달서구 달서대로 675 계명문화대학 유아교육관 1층 (신당동),053-589-7875,2005-03-02
2022,374,대구광역시,과학나무공동직장어린이집,대구광역시 달성군 유가읍 테크노대로6길 20,053-670-6260,2020-02-27
2022,375,대구광역시,광성어린이집,대구광역시 동구 둔산로 311-1,053-983-7962,2010-03-16
2022,376,대구광역시,글로벌아이어린이집,대구광역시 수성구 파동로18안길 24,053-767-0411,2016-02-22
2022,377,대구광역시,달성군청직장어린이집,대구광역시 달성군 옥포면 강림3길 42,053-721-7704,2017-03-02
2022,378,대구광역시,달성산단참꽃직장어린이집,대구광역시 달성군 유가읍 테크노북로6길 26,053-611-7979,2018-12-03
2022,379,대구광역시,대구강북경찰서어린이집,대구광역시 북구 동암로 130 대구강북경찰서어린이집,053-313-2031,2022-02-24
2022,380,대구광역시,대구검찰어린이집,대구광역시 수성구 국채보상로186길 111,053-759-9780,2017-01-12
2022,381,대구광역시,대구경찰어린이집,대구광역시 수성구 무학로 227 (대구지방경찰청),053-719-0560,2013-02-13
2022,382,대구광역시,대구광역시달서구청직장어린이집,대구광역시 달서구 월배로 95-17 (진천동),053-719-3131,2016-09-29
2022,383,대구광역시,대구광역시청어린이집,대구광역시 중구 동덕로 182 (동인동1가),053-803-5638,1997-02-05
2022,384,대구광역시,대구교통공사다정다감어린이집,대구광역시 달서구 월배로 250 대구도시철도공사,053-637-5885,2015-03-01
2022,385,대구광역시,대구법원어린이집,대구광역시 수성구 세진로 26 (범어동),053-742-1401,2010-02-02
2022,386,대구광역시,대구의료원어린이집,대구광역시 서구 평리로33길 13 (중리동),053-552-3923,2005-04-25
2022,387,대구광역시,대구혁신도시 큰나래어린이집,대구광역시 동구 첨복로 51(신서동),053-964-5500,2022-10-20
2022,388,대구광역시,동산의료원어린이집,대구광역시 달서구 달구벌대로 1035 (신당동),053-258-7134,1997-05-09
2022,389,대구광역시,무열대어린이집,대구광역시 수성구 국채보상로 1019 수성데시앙아파트 103동 103호,053-753-1279,2012-09-21
2022,390,대구광역시,보라매어린이집,대구광역시 동구 둔산로68길 32 2층,053-985-4700,2017-03-02
2022,391,대구광역시,봄봄동구청직장어린이집,대구광역시 동구 아양로41길 23-9,053-943-7553,2016-01-01
2022,392,대구광역시,북구청직장어린이집,대구광역시 북구 옥산로 69-14,053-267-7600,2018-01-26
2022,393,대구광역시,수성구청직장어린이집,대구광역시 수성구 달구벌대로495길 26-13,053-751-8348,2017-02-28
2022,394,대구광역시,스콜라어린이집,대구광역시 중구 중앙대로62길 15 (남산동),053-215-9000,2005-01-17
2022,395,대구광역시,신용보증기금어린이집,대구광역시 동구 첨단로 7,053-430-4570,2015-03-02
2022,396,대구광역시,아마레어린이집,대구광역시 남구 성당로18길 50 (대명동),053-656-9025,2016-10-26
2022,397,대구광역시,알파시티 공동직장 도담어린이집,대구광역시 수성구 유니버시아드로 119,053-795 -1230,2022-07-22
2022,398,대구광역시,에코 파티마병원 직장어린이집,대구광역시 동구 아양로15길 43 (신암동),053-959-2268,2016-03-18
2022,399,대구광역시,영남이공대학교어린이집,대구광역시 남구 현충로 170 영남이공대학교 인애관1층,053-650-9760,2017-02-20
2022,400,대구광역시,정부대구지방합동청사행복한어린이집,대구광역시 달서구 화암로 301 정부대구지방합동청사,053-230-7366,2013-02-13
2022,401,대구광역시,칠곡경북대학교병원어린이집,대구광역시 북구 호국로 807-3 칠곡경북대학교 병원 옆,053-312-9008,2016-12-13
2022,402,대구광역시,코레일 대구어린이집,대구광역시 동구 동부로15길 89,053-945-5333,2016-02-05
2022,403,대구광역시,평화은초롱어린이집,대구광역시 달성군 유가읍 테크노북로9길 42 108동 103호(힐데스하임아파트),053-617-0500,2017-03-17
2022,404,대구광역시,한국가스공사 늘푸른어린이집,대구광역시 동구 동내로20길 34,053-964-1312,2014-10-01
2022,405,대구광역시,한국부동산원 한누리어린이집,대구광역시 동구 이노밸리로 291 한국감정원,053-663-8123,2013-08-23
2022,406,인천광역시,IBK 참! 좋은 어린이집,인천광역시 부평구 부흥로 353 3층(부평동),032-502-8133,2012-09-26
2022,407,인천광역시,IBK남동사랑어린이집,"인천광역시 남동구 남동대로239번길 72-19 ,3층(논현동)",032-811-1942,2018-03-23
2022,408,인천광역시,LH인천어린이집,인천광역시 남동구 논현로46번길 23,032-255-0021,2019-11-12
2022,409,인천광역시,SCK직장어린이집,인천광역시 중구 자유무역로 191 스태츠칩팩코리아 복지동 내(운서동),032-340-3782,2016-01-20
2022,410,인천광역시,가좌초등학교어린이집,인천광역시 서구 장고개로309번길 5 가좌초등학교내 (가좌동),032-573-7911,2004-10-01
2022,411,인천광역시,가천어린이집,인천광역시 남동구 남동대로 769 1층(구월동),032-429-9235,2017-02-27
2022,412,인천광역시,간석초어린이집,인천광역시 남동구 석산로208번길 37 간석초등학교 내 (구월동),032-472-0751,2011-08-31
2022,413,인천광역시,갈산초등학교어린이집,인천광역시 부평구 갈월동로 55 (1층) (갈산동),032-628-1721,2011-09-01
2022,414,인천광역시,강화군청어린이집,인천광역시 강화군 강화읍 강화대로 394,032-930-3686,2015-08-28
2022,415,인천광역시,계산초등학교어린이집,인천광역시 계양구 경명대로 1005 (계산동),032-554-1671,2008-07-31
2022,416,인천광역시,계양구청어린이집,인천광역시 계양구 계산새로 88 계양구청내(계산동),032-430-7900,2002-01-01
2022,417,인천광역시,공항꿈나무제1어린이집,인천광역시 중구 공항로424번길 47,032-741-7500,2013-02-25
2022,418,인천광역시,공항꿈나무제2어린이집,인천광역시 중구 공항로424번길 69,032-743-3340,2018-02-23
2022,419,인천광역시,공항세관바다어린이집,"인천광역시 중구 신도시남로 92 1205-104(운서동, 영종주공스카이빌12단지)",032-746-2234,2012-06-28
2022,420,인천광역시,공항세관하늘어린이집,"인천광역시 중구 신도시남로 92 1205-103(운서동, 영종주공스카이빌12단지)",070-8823-2234,2012-06-28
2022,421,인천광역시,꿈마루어린이집,인천광역시 미추홀구 소성로163번길 49 인천지방검찰청,032-862-7770,2013-02-22
2022,422,인천광역시,나래어린이집,인천광역시 중구 인중로98번길 17 인천세관직원생활관 (신흥동1가),032-773-9700,2007-10-26
2022,423,인천광역시,남동구청어린이집,"인천광역시 남동구 소래로 633  (만수동,남동구청)",032-469-7771,2001-06-01
2022,424,인천광역시,늘푸른어린이집,인천광역시 연수구 독배로 68 유진메디타워 301호,032-831-9255,2019-03-18
2022,425,인천광역시,니트꿈나무어린이집,"인천광역시 연수구 컨벤시아대로 165 2층(송도동, 니트타워제1호)",032-230-8003,2015-02-26
2022,426,인천광역시,동구청직장어린이집,인천광역시 동구 금곡로 67,032-223-0911,2013-01-16
2022,427,인천광역시,동국제강인천어린이집,"인천광역시 동구 송미로 6 110동 102호(송림동, 풍림아이원아파트)",032-763-0010,2017-02-24
2022,428,인천광역시,두루미어린이집,인천광역시 남동구 정각로 29 인천광역시청 (구월동),032-429-6395,2001-10-12
2022,429,인천광역시,리틀핸즈어린이집,인천광역시 서구 백범로 884 학산문화재단 3층,032-870-9616,2013-10-07
2022,430,인천광역시,미소인 어린이집,인천광역시 부평구 무네미로 447,032-505-1716,2017-07-21
2022,431,인천광역시,미추홀경찰서어린이집,인천광역시 미추홀구 매소홀로290번길 32,032-876 -1276,2022-02-24
2022,432,인천광역시,미추홀구청어린이집,인천광역시 미추홀구 경인로70번길 24 (숭의동),032-889-0306,2002-03-06
2022,433,인천광역시,부평구청어린이집,인천광역시 부평구 부평대로 168 부평구청내(1층) (부평동),032-528-5697,1996-11-01
2022,434,인천광역시,부평초등학교어린이집,인천광역시 계양구 어사대로 20 부평초등학교 내 어린이집 (계산동),032-541-9881,2005-03-10
2022,435,인천광역시,블루텍 하늘 공동직장어린이집,인천광역시 서구 보듬로 158 블루텍 미플존120호,032-220-5252,2017-05-16
2022,436,인천광역시,삼성바이오드림파크어린이집,인천광역시 연수구 송도바이오대로 300,032-455-8300,2016-01-06
2022,437,인천광역시,삼성바이오에피스이솝빌어린이집,인천광역시 연수구 송도교육로 76,032-728-3338,2021-02-23
2022,438,인천광역시,서구청직장어린이집,인천광역시 서구 승학로 264,032-565-7003,2014-01-28
2022,439,인천광역시,셀트리온어린이집,"인천광역시 연수구 해돋이로6번길 7 113동 102호(송도동, 송도신도시현대아이파크)",032-834-8880,2009-08-25
2022,440,인천광역시,셀트리온제2어린이집,인천광역시 연수구 송도과학로27번길 15 송도아메리칸타운 104동 246호,032-834-7834,2011-12-21
2022,441,인천광역시,셀트리온제3어린이집,"인천광역시 연수구 해돋이로6번길 7 113동 103호(송도1동, 아이파크송도)",032-831-8004,2017-02-24
2022,442,인천광역시,송현초어린이집,인천광역시 동구 송화로 45 송현초등학교내 (송현동),032-777-3267,2005-08-22
2022,443,인천광역시,스마트밸리어린이집,인천광역시 연수구 송도미래로 30 스마트밸리 D동 101호,032-837-5005,2020-03-02
2022,444,인천광역시,신월초등학교어린이집,인천광역시 남동구 인주대로776번길 14 (구월동),032-472-2354,2004-03-27
2022,445,인천광역시,아이존어린이집,인천광역시 서구 신진말로14번길 25-1 (가좌동),032-579-1500,2014-02-28
2022,446,인천광역시,앰코어린이집(계양),인천광역시 계양구 아나지로 110 D동 1층,032-540-3218,2016-02-18
2022,447,인천광역시,앰코어린이집(연수),인천광역시 연수구 송도미래로 150 (송도동),032-728-5630,2019-02-28
2022,448,인천광역시,엘지마그나 어린이집,인천광역시 서구 경명대로 322 관리동 2층,070-7545-8881,2016-02-26
2022,449,인천광역시,연수경찰서어린이집,인천광역시 연수구 원인재로 138,032-813 -9801,2020-08-27
2022,450,인천광역시,연수구청어린이집,인천광역시 연수구 원인재로 115 연수구청내 2층,032-812-0126,1999-11-18
2022,451,인천광역시,영흥 빛누리 어린이집,인천광역시 옹진군 영흥면 영흥남로369번길 22,070-8898-3273,2017-02-28
2022,452,인천광역시,옹진군청직장어린이집,인천광역시 미추홀구 매소홀로 120 옹진군청,032-721-0590,2020-02-20
2022,453,인천광역시,우리누리어린이집,인천광역시 남동구 인주대로 585 2층,032-718-6266,2020-02-20
2022,454,인천광역시,원당초등학교어린이집,인천광역시 서구 원당대로820번길 16,032-569-3085,2006-03-09
2022,455,인천광역시,인천경찰청어린이집,"인천광역시 남동구 예술로152번길 9 1층~3층(구월동,인천지방결찰청 직장어린이집)",032-431-2380,2016-08-29
2022,456,인천광역시,인천공항어린이집,인천광역시 중구 공항로424번길 87 (운서동),032-740-8100,2010-02-26
2022,457,인천광역시,인천글로벌캠퍼스어린이집,인천광역시 연수구 송도문화로 119 지원센터 내 어린이집,032-719-4050,2020-07-31
2022,458,인천광역시,인천법원어린이집,인천광역시 미추홀구 학익소로63번길 31 (학익동),070-8192-3000,2010-02-03
2022,459,인천광역시,인천부마초등학교어린이집,인천광역시 부평구 안남로253번길 41 부마초교내(1층) (산곡동),032-526-2940,2004-08-28
2022,460,인천광역시,인천삼산경찰서어린이집,인천광역시 부평구 굴포로 104,032-504 -1041,2022-02-24
2022,461,인천광역시,인천서부경찰서어린이집,인천광역시 서구 탁옥로 77,032-561 -7533,2020-08-27
2022,462,인천광역시,인천서화어린이집,인천광역시 미추홀구 송림로 250 서화초등학교내 서화어린이집,032-862-6060,2004-09-01
2022,463,인천광역시,인천성모병원어린이집,"인천광역시 부평구 동수로 56 (부평동, 가톨릭대학교성모병원내 1층)",032-280-6471,2013-02-26
2022,464,인천광역시,인천신광초등학교어린이집,인천광역시 중구 신흥동3가 인중로 63 인천신광초등학교어린이집,032-885-6226,2004-08-31
2022,465,인천광역시,인천의료원어린이집,인천광역시 동구 방축로 217,032-584-7535,2017-02-28
2022,466,인천광역시,인천중부경찰서어린이집,인천광역시 중구 신포로 35번길 49,032-766 -4200,2022-02-24
2022,467,인천광역시,인천진산초등학교어린이집,"인천광역시 부평구 굴포로 194-10 (삼산동, 진산초등학교 2층)",032-511-3730,2006-08-11
2022,468,인천광역시,정부인천지방합동청사 초롱어린이집,"인천광역시 미추홀구 석정로 239(도화동, 정부인천지방합동청사)",032-588-4536,2019-12-26
2022,469,인천광역시,제2포키즈어린이집,인천광역시 연수구 인천타워대로 241 포스코건설 송도사옥 3층(송도동),032-748-4104,2019-02-28
2022,470,인천광역시,종합환경연구단지어린이집,인천광역시 서구 환경로 42 종합환경연구단지어린이집(경서동),032-566-5692,2009-01-21
2022,471,인천광역시,주안남어린이집,인천광역시 미추홀구 인주대로434번길 11,032-425-5283,2006-09-04
2022,472,인천광역시,중구청직장 어린이집,인천광역시 중구 송학동1가 신포로39번길 71,032-772-7087,2012-02-27
2022,473,인천광역시,중앙초등학교어린이집,인천광역시 연수구 새말로 153 중앙초교 내 (연수동),032-818-8040,2004-04-01
2022,474,인천광역시,청라하나금융공동직장어린이집,인천광역시 서구 첨단동로 374,032-564 -6100,2022-02-22
2022,475,인천광역시,포스코에너지직장어린이집,인천광역시 서구 크리스탈로74번길 7-21 더블유빌딩 2층,032-228-2020,2013-02-28
2022,476,인천광역시,포스코타워꿈나무어린이집,인천광역시 연수구 컨벤시아대로 165 포스코타워3층(송도동),032-230-5510,2019-02-28
2022,477,인천광역시,포키즈어린이집,인천광역시 연수구 인천타워대로 241 (주)포스코건설사옥 2층 (송도동),032-748-4100,2013-02-25
2022,478,인천광역시,한국지엠어린이집,인천광역시 부평구 세월천로25번길 7 (4층 건물전체)(청천동),032-330-8479,2015-04-01
2022,479,인천광역시,한림병원어린이집,"인천광역시 계양구 효서로 381 213동 104호(작전동, 현대2차아파트)",070-7355-9114,2016-03-09
2022,480,인천광역시,해맑은어린이집,인천광역시 부평구 안남로 315 (2층 건물전체)(청천동),032-529-7851,2014-09-05
2022,481,인천광역시,해병대흑룡어린이집,인천광역시 옹진군 백령면 백령로 783 해병대 흑룡어린이집,032-836-3342,2018-11-27
2022,482,인천광역시,해아뜰어린이집,"인천광역시 부평구 안남로 315 101동 101호(청천동,하우스디아파트)",032-515-7179,2019-12-19
2022,483,인천광역시,해양경찰청어린이집,인천광역시 연수구 해돋이로 130 해양경찰청내 어린이집 (송도동),032-851-7711,2010-03-03
2022,484,인천광역시,해피드림아이어린이집,인천광역시 중구 참외전로 246(도원동),032-765-1854,2011-08-24
2022,485,인천광역시,현대제철 인천 어린이집,인천광역시 동구 염전로 30 (송림동 344),032-765-8799,2013-09-27
2022,486,광주광역시,광주 남구청 어린이집,광주광역시 남구 봉선로 1 별관3층,062-655-3636,2018-02-09
2022,487,광주광역시,광주경찰청어린이집,광주광역시 광산구 용아로 112 광주지방경찰청어린이집 (소촌동),062-944-9488,2008-07-24
2022,488,광주광역시,광주광역시청어린이집,광주광역시 서구 내방로 111,062-613-5667,2004-08-31
2022,489,광주광역시,광주법원어린이집,광주광역시 동구 필문대로187번길 31 (산수동),062-710-2226,2012-02-17
2022,490,광주광역시,광주병원어린이집,광주광역시 북구 평교로30번길 54-6,062-265-7277,1997-03-25
2022,491,광주광역시,광주북구청어린이집,광주광역시 북구 용봉로138번길 11,062-513-3561,2017-02-28
2022,492,광주광역시,광주빛그린직장어린이집,광주광역시  광산구 빛동8로 10,062-945-0998,2021-12-17
2022,493,광주광역시,광주서구청어린이집,광주광역시 서구 경열로 33 서구청,062-352-4279,2017-08-25
2022,494,광주광역시,광주은행어린이집,광주광역시 동구 제봉로 225 광주은행본점 2층,062-710-0135,2019-02-27
2022,495,광주광역시,광주지방국세청우리누리어린이집,광주광역시 서구 월드컵4강로 101,062-385-3830,2016-02-23
2022,496,광주광역시,광주청사꽃초롱어린이집,광주광역시 북구 첨단과기로208번길 43 정부광주지방합동청사 (오룡동),062-975-5700,2011-02-15
2022,497,광주광역시,광주하나금융공동직장어린이집,광주광역시 동구 금남로5가 금남로 190 하나은행 광주금융센터 3층,062-226-1910,2019-06-27
2022,498,광주광역시,금호타이어어린이집,광주광역시 광산구 목련로 211 금호타이어 어린이집 (운남동),062-955-5252,1996-05-06
2022,499,광주광역시,기아광주어린이집,광주광역시 서구 화운로 277,062-370-1829,2017-04-26
2022,500,광주광역시,꿈마루어린이집,광주광역시 동구 준법로 29-9 (지산동),062-719-3727,2015-03-02
2022,501,광주광역시,법무부 가온어린이집,광주광역시 북구 북부순환로 396-2 광주교도소 내,062-571-6366,2018-12-27
2022,502,광주광역시,삼성전자광주어린이집,광주광역시 광산구 하남산단6번로 133 삼성전자 광주사업장 내(오선동 549-1),062-950-2991,2013-02-26
2022,503,광주광역시,선한어린이집,광주광역시 서구 월산로268번길 9 선한어린이집,062-454-2100,2016-05-10
2022,504,광주광역시,앰코어린이집,광주광역시 북구 앰코로 100 앰코테크놀로지코리아(주) (대촌동),062-970-7610,2008-08-20
2022,505,광주광역시,양림동산어린이집,광주광역시 남구 백서로 37-19 양림동산어린이집,062-674-3322,2017-06-19
2022,506,광주광역시,위드어린이집,광주광역시 광산구 수완로 6,062-956-0800,2015-12-30
2022,507,광주광역시,전남대학교병원어린이집,광주광역시 동구 백서로137번길 15 (금동),062-228-1350,2003-02-28
2022,508,광주광역시,전남대학교어린이집,광주광역시 북구 용봉로 77 전남대학교어린이집,062-530-1362,2008-02-29
2022,509,광주광역시,조선대학교어린이집,광주광역시 동구 필문대로 309 (서석동),062-233-1199,2014-08-25
2022,510,광주광역시,지스트꿈빛어린이집,광주광역시 북구 첨단과기로 123 광주과학기술원 어린이집,062-971-5003,2013-10-30
2022,511,광주광역시,하남초록어린이집,광주광역시 광산구 하남산단3번로 133-8,062-952-9448,2009-07-14
2022,512,광주광역시,현대해상온마음어린이집,광주광역시 서구 원마륵2길 20,062-383-5111,2016-02-23
2022,513,대전광역시,ADD아이뜰어린이집,대전광역시 유성구 지족동로142번길 32 (지족동),042-826-1281,2017-02-22
2022,514,대전광역시,ETRI아이나무어린이집,대전광역시 유성구 가정로 270,042-864-5678,2018-08-27
2022,515,대전광역시,IBK참!좋은어린이집,대전광역시 서구 둔산남로 112 IBK기업은행 2층,042-471-4328,2015-08-26
2022,516,대전광역시,ibs꿈돌이어린이집,대전광역시 유성구 엑스포로 55 기초과학연구원 어린이집,042-867-0700,2021-02-19
2022,517,대전광역시,KAERI아톰어린이집,대전광역시 유성구 테크노중앙로 267-11 (탑립동),042-933-8680,2016-02-24
2022,518,대전광역시,KAIST어린이집,대전광역시 유성구 대학로 291 (구성동),042-350-0853,2011-02-28
2022,519,대전광역시,KARI하늘꿈어린이집,대전광역시 유성구 과학로 169-84 (어은동),042-879-4000,2016-02-22
2022,520,대전광역시,KIGAM지오키즈어린이집,대전광역시 유성구 과학로 124 한국지질자원연구원 (가정동),042-861-9734,2013-08-26
2022,521,대전광역시,KIMM키미키즈어린이집,대전광역시 유성구 가정북로 156 (장동),042-867-9118,2019-08-26
2022,522,대전광역시,Kinder BOSCH직장어린이집,"대전광역시 유성구 테크노중앙로 126 (용산동, 호암빌딩2층)",070-7786-1574,2017-08-25
2022,523,대전광역시,KNF새빛어린이집,"대전광역시 유성구 대덕대로989번길 242 (덕진동, 한전원자력연료(주))",042-861-2291,2018-01-29
2022,524,대전광역시,KRISS사과나무어린이집,대전광역시 유성구 가정로 267 한국표준과학연구원(도룡동),042-604-1004,2013-02-22
2022,525,대전광역시,KR어린이집,대전광역시 동구 중앙로 242 (신안동)  한국철도시설공단 2층,042-621-2040,2015-02-24
2022,526,대전광역시,LG대전어린이집,"대전광역시 유성구 가정로 299 (도룡동, 엘지화학 기술연구원 사택)",042-719-4400,2015-02-26
2022,527,대전광역시,SK행복어린이집,대전광역시 유성구 엑스포로 325 (원촌동),042-609-8195,2009-09-01
2022,528,대전광역시,건양어린이집,대전광역시 서구 관저동로 158 (가수원동),042-600-6501,2006-12-19
2022,529,대전광역시,과학나래어린이집,대전광역시 유성구 과학로 169-148 (어은동),042-716-7170,2016-02-25
2022,530,대전광역시,금강유역환경청어린이집,대전광역시 유성구 대학로 417 (구성동) 금강유역환경청어린이집,042-865-0717,2020-02-21
2022,531,대전광역시,대덕구청 직장어린이집,대전광역시 대덕구 한남로155번길 49 (오정동),042-634-5566,2018-01-17
2022,532,대전광역시,대전검찰어린이집,대전광역시 서구 둔산중로78번길 15,042-470-3580,2019-02-18
2022,533,대전광역시,대전경찰청어린이집,대전광역시 서구 둔산중로 77 (둔산동),042-488-0012,2016-08-18
2022,534,대전광역시,대전광역시교육청 직장어린이집,대전광역시 서구 둔산로 89,042-616 -8900,2022-02-18
2022,535,대전광역시,대전광역시청어린이집,대전광역시 서구 둔산로 100 (둔산동),042-270-2358,1996-02-01
2022,536,대전광역시,대전동부경찰서어린이집,대전광역시 동구 충무로 222,042-273 -0112,2022-02-24
2022,537,대전광역시,대전법원어린이집,대전광역시 서구 문정로90번길 81 (탄방동),042-477-3339,2011-02-17
2022,538,대전광역시,대전유성경찰서어린이집,대전광역시 유성구 북유성대로 112,042-725 -6621,2022-02-25
2022,539,대전광역시,대전지방국세청 우리누리어린이집,대전광역시 대덕구 계족로 677,042-622-6770,2021-07-02
2022,540,대전광역시,대전청사다솜어린이집,대전광역시 서구 청사로 189 정부대전청사,042-719-8082,2016-02-26
2022,541,대전광역시,대전청사새롬어린이집,대전광역시 서구 청사로 189 정부대전청사 (둔산동),042-481-6422,2009-08-28
2022,542,대전광역시,대전청사아람어린이집,대전광역시 서구 청사로 189 정부대전청사 (둔산동),042-472-4200,1998-08-01
2022,543,대전광역시,대전한국병원부설어린이집,대전광역시 동구 동서대로1678번길 32-16 1층(성남동),042-606-1234,2012-07-09
2022,544,대전광역시,둔산하나금융공동직장어린이집,대전광역시 서구 둔산북로 30,042-631-2013,2021-03-19
2022,545,대전광역시,라은어린이집,대전광역시 유성구 노은서로86번길 22 (노은동),042-826-6775,2006-07-11
2022,546,대전광역시,롯데케미칼푸르니어린이집,"대전광역시 유성구 가정로 65 109동 102호 (신성동, 대림두레아파트)",042-861-3057,2014-05-07
2022,547,대전광역시,물사랑어린이집,대전광역시 대덕구 신탄진로 200 내 물사랑어린이집(회덕동),042-629-3750,2010-03-15
2022,548,대전광역시,법무부함께크는어린이집,대전광역시 유성구 한우물로66번길 2-50 (대정동),042-543-7545,2010-03-25
2022,549,대전광역시,사이언스대덕어린이집,대전광역시 유성구 가정로 122 (신성동),042-863-2231,1995-10-04
2022,550,대전광역시,사이언스신성어린이집,대전광역시 유성구 과학로 200 (신성동),042-864-3177,2008-02-26
2022,551,대전광역시,서구청직장어린이집,대전광역시 서구 둔산서로 100 서구청사내 (둔산동),042-471-7056,2003-02-04
2022,552,대전광역시,서비스탑도담어린이집,"대전광역시 서구 문정로 41 (탄방동, SK텔레콤빌딩 3층)",070-7842-9915,2016-02-26
2022,553,대전광역시,우리누리어린이집,대전광역시 중구 보문로 331 대전세무서 별관1층 우리누리어린이집,042-242-5262,2008-12-01
2022,554,대전광역시,우리어린이집,대전광역시 유성구 대학로 211 (어은동),042-611-2745,1997-01-20
2022,555,대전광역시,자운대어린이집,대전광역시 유성구 자운로221번길 120-34 (신봉동),042-864-3440,2015-01-20
2022,556,대전광역시,철도어린이집,대전광역시 동구 중앙로 242 (신안동),042-221-1560,2009-10-01
2022,557,대전광역시,충남대학교병원 아이행복지기어린이집,대전광역시 중구 보문산로 396,042-332-1100,2017-05-26
2022,558,대전광역시,충남대학교어린이집,대전광역시 유성구 대학로 99 (궁동),042-821-7351,2016-02-24
2022,559,대전광역시,케미꿈나무어린이집,대전광역시 유성구 가정로 141 한국화학연구원 (장동),042-862-8250,2016-02-19
2022,560,대전광역시,케이티씨에스대전어린이집,대전광역시 서구 관저북로 6 1층,070-4191-6114,2015-03-06
2022,561,대전광역시,케이티앤지어린이집,대전광역시 대덕구 벚꽃길 71,042-939-5428,2016-02-17
2022,562,대전광역시,코레일 대전어린이집,대전광역시 대덕구 벚꽃길 148 (평촌동),042-932-1002,2013-11-08
2022,563,대전광역시,킨스뜰에어린이집,대전광역시 유성구 과학로 62 (구성동),042-868-0991,2016-04-25
2022,564,대전광역시,푸른숲어린이집,대전광역시 대덕구 대덕대로1277번길 90 제3공단 (문평동),042-333-7180,2012-03-07
2022,565,대전광역시,한가족어린이집,대전광역시 중구 중앙로 100 중구청내 어린이집 (대흥동),042-606-6973,1995-11-27
2022,566,대전광역시,한국타이어앤테크놀로지 대전공장 H KIDZ 어린이집,대전광역시 대덕구 대덕대로1514번길 11,042-933-1518,2017-02-16
2022,567,대전광역시,한국테크노돔H KIDZ어린이집,대전광역시 유성구 유성대로935번길 50 (죽동),042-724-2981,2010-12-30
2022,568,대전광역시,한밭대학교어린이집,대전광역시 유성구 동서대로 128 (덕명동)한밭대학교어린이집,042-828-8080,2020-02-20
2022,569,대전광역시,한솔어린이집,대전광역시 동구 동구청로 147 (가오동),042-285-2834,1994-11-08
2022,570,대전광역시,한수원꿈나래어린이집,대전광역시 유성구 유성대로1312번길 69,042-864-0718,2019-02-26
2022,571,대전광역시,한화대전어린이집,대전광역시 유성구 외삼로 48 장원토건사옥 1F (외삼동),042-823-1215,2014-04-29
2022,572,대전광역시,한화유성어린이집,대전광역시 유성구 유성대로1366번길 10 (주)한화종합연구소 (장동),042-336-0990,2017-09-05
2022,573,대전광역시,해나라어린이집(유성),대전광역시 유성구 은구비로155번안길 21-8,042-822-9794,2016-02-16
2022,574,대전광역시,해나라어린이집(중구),대전광역시 중구 목중로35번길 11 (목동),042-220-8651,1995-12-20
2022,575,울산광역시,BNK울산어린이집,울산광역시 남구 중앙로 202 3층,052-256-6625,2016-03-29
2022,576,울산광역시,KCC사랑어린이집,울산광역시 북구 염포로 717 (염포동),052-287-1001,2017-02-28
2022,577,울산광역시,LX하우시스온양어린이집,울산광역시 울주군 온양읍 온양로 86,052-239-0195,2013-02-28
2022,578,울산광역시,SK행복어린이집,울산광역시 남구 신선로 166 (야음동),052-276-3854,2007-09-12
2022,579,울산광역시,UNIST어린이집,울산광역시 울주군 언양읍 유니스트길 50 울산과학기술원 207동,052-217-7091,2013-08-26
2022,580,울산광역시,공동직장 푸른들어린이집,울산광역시 중구 종가로 451,052-293-6682,2016-10-06
2022,581,울산광역시,굴화초등학교어린이집,울산광역시 울주군 범서읍 굴화3길 30,052-222-6225,2013-02-28
2022,582,울산광역시,금은동어린이집,울산광역시 울주군 온산읍 신온7길 12,052-238-1525,2015-08-20
2022,583,울산광역시,남구청어린이집,울산광역시 남구 돋질로261번길 11,052-267-9011,2016-02-01
2022,584,울산광역시,동구청어린이집,울산광역시 동구 봉수로 155,052-234-1133,2004-02-12
2022,585,울산광역시,롯데정밀화학어린이집,"울산광역시 중구 약사로 20 311동 401호(울산약사더샵, 약사동)",052-285-3472,2017-03-31
2022,586,울산광역시,백합초등학교어린이집,울산광역시 남구 돋질로339번길 16 2동 1층(삼산동),052-275-8855,2012-02-29
2022,587,울산광역시,북구청사 어린이집,울산광역시 북구 산업로 1010 (연암동),052-241-8858,2000-07-03
2022,588,울산광역시,삼성SDI울산어린이집,울산광역시 울주군 삼남면 반구대로 163 (삼성SDI 내),055-380-2820,2012-02-28
2022,589,울산광역시,새싹어린이집,울산광역시 울주군 온산읍 서영남1길 18 고려아연사택내,052-238-9949,1997-04-01
2022,590,울산광역시,서연이화어린이집,울산광역시 북구 화봉로 152 (연암동),052-288-2788,2005-04-08
2022,591,울산광역시,에쓰-오일 어린이집,울산광역시 남구 야음로 24 301동 102호 ,052-268-9159,2017-04-06
2022,592,울산광역시,울산경찰청어린이집,울산광역시 중구 성안로 112,052-243-9023,2016-07-27
2022,593,울산광역시,울산광역시교육청어린이집,울산광역시 중구 북부순환도로 375 (유곡동),052-248-8181,2009-01-23
2022,594,울산광역시,울산광역시청어린이집,울산광역시 남구 봉월로70번길 48 (신정동),052-274-1174,2006-08-29
2022,595,울산광역시,울산대학교병원어린이집,울산광역시 동구 바드래1길 30 한마음회관 1층,052-250-8610,2001-03-01
2022,596,울산광역시,울산동부경찰서어린이집,울산광역시 동구 월봉12길 73,052-235 -0901,2020-08-26
2022,597,울산광역시,울산법원어린이집,울산광역시 남구 법대로 55 (옥동),052-216-8740,2015-01-15
2022,598,울산광역시,울산중부경찰서어린이집,울산광역시 중구 번영로 620,052-286 -2022,2022-02-28
2022,599,울산광역시,울산테크노파크 공동직장어린이집,울산광역시 중구 종가로 15,052-222-1230,2016-02-19
2022,600,울산광역시,울주군청어린이집,울산광역시 울주군 청량읍 군청로 1 울주군청 별관 1층,052-277-8870,2018-02-24
2022,601,울산광역시,중구청어린이집,울산광역시 중구 단장골길 1,052-294-0059,2017-03-29
2022,602,울산광역시,풍산 해솔어린이집,울산광역시 남구 두왕로174번길 74,052-269-5512,2018-05-28
2022,603,울산광역시,한국산업인력공단슬기샘어린이집,울산광역시 중구 종가로 345 한국산업인력공단,052-246-0880,2014-05-14
2022,604,울산광역시,한국석유공사돌고래어린이집,울산광역시 중구 종가로 305 한국석유공사,052-216-6600,2014-10-30
2022,605,울산광역시,한국에너지공단에너지숲어린이집,울산광역시 중구 종가로 323,052-920-0156,2019-02-25
2022,606,울산광역시,한수원 해오름어린이집,울산광역시 울주군 서생면 해맞이로 1017,052-715-4981,2014-02-28
2022,607,울산광역시,해피보트어린이집,울산광역시 동구 명덕로 67,052-251-4491,2022-05-20
2022,608,울산광역시,현대자동차 어린이집,울산광역시 북구 염포로 599 사택 기숙사 사동 1층 어린이집 (양정동),052-219-2488,2003-03-03
2022,609,울산광역시,현대중공업어린이집,울산광역시 동구 명덕로 27 (서부동),052-235-2145,2006-03-02
2022,610,울산광역시,호계초등학교어린이집,울산광역시 북구 동대13길 20 호계초등학교내(호계동),052-282-1212,2013-02-25
2022,611,울산광역시,화진초등학교어린이집,울산광역시 동구 방어진순환도로 543 화진초등학교 내,052-912-3164,2013-02-25
2022,612,세종특별자치시,꿈샘어린이집,세종특별자치시  밀마루길 6,044-868-1676,2019-08-23
2022,613,세종특별자치시,누리뜰어린이집,세종특별자치시  시청대로 370,044-863-5569,2014-12-30
2022,614,세종특별자치시,라온어린이집,세종특별자치시  갈매로 381 .,044-866-2017,2015-03-02
2022,615,세종특별자치시,마루뜰어린이집,세종특별자치시  국책연구원4로 25,044-998-5320,2021-03-25
2022,616,세종특별자치시,빛들어린이집,세종특별자치시  도움5로 19,044-863-1542,2014-12-01
2022,617,세종특별자치시,세종푸르니어린이집,세종특별자치시  남세종로 254 (반곡동),044-715-5533,2014-01-10
2022,618,세종특별자치시,솔비타어린이집,세종특별자치시  도움8로 11-20 .,044-864-8123,2015-03-02
2022,619,세종특별자치시,아이세상어린이집,세종특별자치시  노을6로 8-14,044-204-1425,2014-12-01
2022,620,세종특별자치시,아이온어린이집,세종특별자치시  한누리대로 402,044-715-7007,2013-12-09
2022,621,세종특별자치시,예그리나어린이집,세종특별자치시  갈매로 477 정부세종청사 기획재정부동 1층,044-868-5040,2012-12-17
2022,622,세종특별자치시,올고운어린이집,세종특별자치시  갈매로 408 문화체육관광부동,044-998-3131,2013-12-09
2022,623,세종특별자치시,윤빛어린이집,세종특별자치시  한누리대로 402 산업통상자원부동,044-715-7005,2013-12-09
2022,624,세종특별자치시,이든샘어린이집,세종특별자치시  다솜2로 94,044-868-1297,2012-12-17
2022,625,세종특별자치시,전의산단어린이집,세종특별자치시  전의면 산단길 22-10 전의일반산업단지 내,044-862-1868,2017-08-22
2022,626,세종특별자치시,차오름어린이집,세종특별자치시  다솜3로 15,044-862-1934,2019-02-28
2022,627,세종특별자치시,충녕어린이집,세종특별자치시  한누리대로 2130,044-865-0326,2015-11-23
2022,628,경기도,(주)아모레퍼시픽 오산어린이집,경기도 오산시 가장산업동로 37 아모레퍼시픽 오산 어린이집,031-8047-1430,2011-07-26
2022,629,경기도,9사단에버나인어린이집,경기도 파주시 창곡동길 20 관리동,044-867-9422,2014-10-02
2022,630,경기도,ASE 어린이집,경기도 파주시 산업단지길 64 ASE 어린이집,031-946-9193,1998-06-29
2022,631,경기도,ASV공동직장어린이집,경기도 안산시 상록구 해안로 705 경기테크노파크단지내,031-500-4171,2016-02-17
2022,632,경기도,CJ키즈빌어린이집,경기도 수원시 영통구 광교로42번길 55,031-8099-0208,2015-10-22
2022,633,경기도,DB하이텍 햇살어린이집,"경기도 부천시 수도로 90 (도당동, DB하이텍)",032-680-4457,2011-09-29
2022,634,경기도,EBS직장어린이집,경기도 고양시 일산동구 한류월드로 281,02-526-2837,2017-08-23
2022,635,경기도,GC Childcare Center어린이집,경기도 용인시 기흥구 이현로30번길 84,031-265-0747,2018-02-26
2022,636,경기도,H KIDZ 어린이집,경기도 성남시 분당구 판교로 286,031-5178-9090,2020-04-23
2022,637,경기도,HP판교어린이집,경기도 성남시 수정구 고등동 602,031-623-6043,2019-08-27
2022,638,경기도,IBK 참! 좋은어린이집,경기도 성남시 분당구 황새울로360번길 29 3층(서현1동),031-707-7088,2012-09-28
2022,639,경기도,IBK 참!좋은어린이집,경기도 안양시 동안구 시민대로 290 기업은행 3층,031-381-6634,2012-09-11
2022,640,경기도,IBK참!좋은어린이집(고양),경기도 고양시 일산동구 중앙로 1168,031-906-7672,2012-06-01
2022,641,경기도,IBK참!좋은어린이집(용인),"경기도 용인시 수지구 신수로 799 (동천동, IBK은행)",031-276-9904,2012-09-06
2022,642,경기도,IT밸리빅스맘어린이집,"경기도 의왕시 이미로 40 A동 2층(포일동, 인덕원IT밸리)",031-8069-8850,2015-04-09
2022,643,경기도,KDB Digital Square어린이집,경기도 하남시 미사강변한강로 177 한국산업은행 IT센터 사무동(1층),031-5175-2166,2020-03-02
2022,644,경기도,Kinder BOSCH 직장어린이집,경기도 용인시 수지구 포은대로 467 1층,070-8836-1574,2017-08-30
2022,645,경기도,KOGAS늘푸른어린이집,경기도 안산시 상록구 수인로 1248 한국가스공사 (일동),031-400-7254,2006-04-25
2022,646,경기도,ktis군포어린이집,경기도 군포시 산본로 362 KT고객센터 1층 어린이집 (산본동),031-390-6211,2009-01-09
2022,647,경기도,KT꿈나무어린이집,경기도 성남시 분당구 불정로 90 구수내전화국 1층 (정자동),031-713-0000,2004-06-07
2022,648,경기도,KT분당어린이집,경기도 성남시 분당구 성남대로779번길 6 2층(이매동),031-707-3255,1997-03-18
2022,649,경기도,LGDisplay 행복한 어린이집,경기도 파주시 탄현면 엘씨디로241번길 36 LGDisplay 행복한 어린이집,070-4694-2740,2010-03-02
2022,650,경기도,LGDisplay정다운어린이집,경기도 파주시 월롱면 엘씨디로 231,031-937-8191,2017-12-06
2022,651,경기도,LG이노텍어린이집,경기도 평택시 진위면 진위2산단로 111,031-8055-0915,2018-07-02
2022,652,경기도,LG전자 평택어린이집,경기도 평택시 진위면 엘지로 222 LG전자기숙사 백합동 1층,031-610-9988,2006-12-06
2022,653,경기도,LH(오리)어린이집,경기도 성남시 분당구 탄천상로 95 LH공사별관 1층(구미동),031-738-4270,1997-07-30
2022,654,경기도,LIG넥스원어린이집,경기도 용인시 기흥구 마북로 207 (마북동),031-275-6803,2014-02-28
2022,655,경기도,LIG넥스원판교어린이집,경기도 성남시 수정구 탄천로339번길 34,031-723-9040,2017-02-21
2022,656,경기도,LS어린이집,경기도 안양시 동안구 엘에스로116번길 26,070-8671-4651,2015-02-17
2022,657,경기도,LX세미콘 어린이집,경기도 과천시 추사로 92-11 1층,02-6952-2055,2020-02-27
2022,658,경기도,NH새싹어린이집,"경기도 의왕시 성고개로 59 1층(포일동, NH통합IT센터)",031-425-8827,2017-02-22
2022,659,경기도,SBS일산어린이집,"경기도 고양시 일산서구 일현로 111 (탄현동,SBS일산제작센터 아카데미동 1층)",031-917-5851,2018-02-26
2022,660,경기도,SKC직장어린이집,"경기도 수원시 장안구 만석로68번길 10 581동 102호(정자동,백설마을현대코오롱아파트)",031-250-7070,2017-09-08
2022,661,경기도,SKT 판교 행복날개 어린이집,경기도 성남시 분당구 판교로 264 3층(삼평동),02-6100-0190,2020-03-03
2022,662,경기도,SK주식회사 늘푸른어린이집,경기도 성남시 분당구 성남대로343번길 9 SKU-타워 3층 SK주식회사 늘푸른어린이집 (정자동),02-6400-0655,2005-09-30
2022,663,경기도,SK플래닛키즈어린이집,경기도 성남시 분당구 판교로 264 SK플래닛 판교사옥 1층,02-6119-1004,2014-02-28
2022,664,경기도,Tmax사랑어린이집,경기도 성남시 분당구 정자일로 45 티맥스타워 2층(금곡동),031-713-0075,2016-02-24
2022,665,경기도,가톨릭대학교성빈센트병원어린이집,경기도 수원시 팔달구 경수대로 599-10,031-244-9392,2016-04-05
2022,666,경기도,가톨릭대학교요한어린이집,"경기도 부천시 지봉로 43 1층 (역곡동, 가톨릭대학교 성심교정 창업보육지원센터)",032-710-2078,2018-02-23
2022,667,경기도,건강보험심사평가원수원어린이집,경기도 수원시 팔달구 효원로308번길 46 (인계동),031-290-1380,2011-08-26
2022,668,경기도,경기꿈나래어린이집,경기도 수원시 장안구 조원로 18 (조원동),031-548-1211,2014-08-27
2022,669,경기도,경기꿈드림어린이집,"경기도 의정부시 동일로 700 (금오동, 경기도교육청북부청사)",031-821-3856,2018-09-21
2022,670,경기도,경기남부경찰청어린이집,경기도 수원시 장안구 창룡대로207번길 82-12,031-241 -1331,2020-09-10
2022,671,경기도,경기도의료원파주병원어린이집,경기도 파주시 황골로 97,031-957-7942,2015-02-25
2022,672,경기도,경기도일자리재단 새싹 어린이집,경기도 용인시 기흥구 용구대로 2311,031-270-9784,1997-09-22
2022,673,경기도,경기도청북부청사어린이집,경기도 의정부시 청사로 1 경기도청 북부청사 (신곡동),031-8030-5254,2003-03-20
2022,674,경기도,경기도청어린이집,경기도 수원시 팔달구 고화로130번길 21 (화서동),031-8008-3770,1994-04-01
2022,675,경기도,경기북부경찰청어린이집,경기도 의정부시 금오로23번길 22-49,031-844 -9890,2020-09-01
2022,676,경기도,경기주택도시공사 도담어린이집,경기도 수원시 권선구 권중로 46 (권선동),031-220-3528,2014-04-01
2022,677,경기도,경희대학교국제캠퍼스어린이집,경기도 용인시 기흥구 덕영대로 1732,031-201-2345,2017-05-01
2022,678,경기도,고대안산병원어린이집,경기도 안산시 단원구 다리간2길 70-9,031-413-6155,2008-09-04
2022,679,경기도,고양 법원어린이집,경기도 고양시 일산동구 호수로 550 고양 법원어린이집,031-920-3395,2018-02-13
2022,680,경기도,고양시청 직장어린이집,경기도 고양시 덕양구 원당로59번길 50-16,031-965-7878,2007-09-27
2022,681,경기도,고양청사푸르미어린이집,"경기도 고양시 덕양구 화중로104번길 50 (화정동,정부고양지방합동청사)",031-966-3396,2014-02-25
2022,682,경기도,공군오산기지어린이집,경기도 평택시 신장로 55,031-611-7737,2013-03-27
2022,683,경기도,과천시청 직장어린이집,경기도 과천시 관문로 69,02-502-0025,2016-02-25
2022,684,경기도,과천청사 청초롬 어린이집,경기도 과천시 관문로 47 (중앙동),02-3679-3774,2009-08-27
2022,685,경기도,과천청사어린이집,경기도 과천시 홍촌말로 38 (중앙동),02-504-3004,1996-02-10
2022,686,경기도,광교키즈드림어린이집,경기도 수원시 영통구 광교로 145,031-888-6080,2022-11-25
2022,687,경기도,광교테크노밸리어린이집,경기도 수원시 영통구 광교로 107 (이의동),031-259-7222,2011-05-11
2022,688,경기도,광명경찰서어린이집,경기도 광명시 금당로 31,02-897-0901,2016-08-26
2022,689,경기도,광명시청직장어린이집,경기도 광명시 시청로 20 광명시청 (철산동),02-2680-6397,2003-08-20
2022,690,경기도,광주시청직장어린이집,경기도 광주시 행정타운로 50 (송정동),031-761-1735,2009-04-30
2022,691,경기도,구리경찰서어린이집,경기도 구리시 아차산로 359,031-568-9733,2016-09-01
2022,692,경기도,구리사랑어린이집,경기도 구리시 아차산로 439 구리사랑어린이집 (교문동),031-550-2946,2006-01-16
2022,693,경기도,국립암센터어린이집,경기도 고양시 일산동구 일산로 323 (마두동),031-920-1935,2006-08-24
2022,694,경기도,국민건강보험공단일산병원어린이집,경기도 고양시 일산동구 일산로 107,031-900-0648,2015-08-25
2022,695,경기도,군포경찰서어린이집,경기도 군포시 산본로324번길 16,031-390 -1233,2020-08-31
2022,696,경기도,군포시청어린이집,경기도 군포시 청백리길 6 (금정동),031-390-0096,1996-05-01
2022,697,경기도,굿모닝직장어린이집,"경기도 평택시 참이슬길 13 103동 102호(합정동, 참이슬아파트)",031-658-3553,2014-04-28
2022,698,경기도,권율어린이집,"경기도 고양시 덕양구 서오릉로500번길 141-7 (동산동,ROKA미르시티아파트 내 보육시설)",02-389-6088,2015-12-29
2022,699,경기도,글로벌R&D센터어린이집,경기도 성남시 분당구 대왕판교로712번길 22 (삼평동) 글로벌 알앤디 센터 1층,031-739-7190,2013-03-04
2022,700,경기도,기아소하어린이집,경기도 광명시 기아로 34 기아자동차 고객센터 1층,02-801-2331,2017-05-15
2022,701,경기도,기아화성어린이집,경기도 화성시 우정읍 기아자동차로 559 2층,031-351-8745,2017-05-25
2022,702,경기도,기흥구청어린이집,"경기도 용인시 기흥구 관곡로 95 (구갈동, 기흥구청 내)",031-324-6599,2012-03-05
2022,703,경기도,기흥나노시티삼성어린이집,경기도 용인시 기흥구 삼성2로 43 기흥나노시티삼성어린이집(농서동),031-8000-0774,2011-08-30
2022,704,경기도,기흥삼성어린이집,경기도 용인시 기흥구 농서로 162 (농서동),031-209-8860,2003-02-27
2022,705,경기도,김포경찰서어린이집,경기도 김포시 태장로795번길 65,031-982 -8855,2022-03-01
2022,706,경기도,김포시청직장어린이집,경기도 김포시 사우중로 1 김포시청직장어린이집,031-980-2984,2004-01-01
2022,707,경기도,깊은바다고래어린이집,경기도 과천시 과천대로2길 48,02 -1111-1111,2022-08-26
2022,708,경기도,꿈에그린어린이집,경기도 가평군 조종면 청군로 1149 꿈에그린어린이집,031-585-1002,2015-12-18
2022,709,경기도,꿈에그린푸르미어린이집,"경기도 의정부시 호국로 1161 (가능동, 꿈에그린푸르미마을)",031-837-7942,2016-12-13
2022,710,경기도,남양주남부경찰서어린이집,경기도 남양주시 경춘로 532 남양주남부경찰서,031-555-0051,2022-02-28
2022,711,경기도,남양주시청 개나리어린이집,경기도 남양주시 경춘로 1037 (금곡동),031-559-3003,2003-02-27
2022,712,경기도,남이섬어린이집,경기도 가평군 가평읍 북한강변로 1007-34,010-8955-****,2021-02-26
2022,713,경기도,녹산어린이집,경기도 수원시 팔달구 중부대로 175 103호,031-215-1056,2016-03-28
2022,714,경기도,뉴고려병원부설파란잎어린이집,경기도 김포시 김포한강3로 290-16 이니스더원아파트 805동 102호,031-986-7853,2013-05-15
2022,715,경기도,늘예솔어린이집,경기도 성남시 분당구 판교역로 231 H스퀘어 4층,031-607-9993,2015-09-01
2022,716,경기도,다보스병원직장어린이집,경기도 용인시 처인구 백옥대로1082번길 14 (김량장동 18-1),031-332-7588,2012-01-30
2022,717,경기도,단국어린이집,경기도 용인시 기흥구 마북로247번길 124 집현재2 가동,031-282-0155,2016-08-31
2022,718,경기도,단원구청 직장어린이집,경기도 안산시 단원구 화랑로 250 단원구청직장어린이집,031-481-6029,2018-02-14
2022,719,경기도,덕양구청직장어린이집,경기도 고양시 덕양구 은빛로 78 (화정동),031-964-6115,2004-02-27
2022,720,경기도,도토리소풍넥슨달어린이집,경기도 성남시 분당구 판교로256번길 7 1층(삼평동),02-2091-8836,2013-12-27
2022,721,경기도,도토리소풍넥슨별어린이집,경기도 성남시 분당구 판교로256번길 7 넥슨빌딩 1층 (삼평동),02-2091-8872,2020-04-22
2022,722,경기도,도토리소풍넥슨해어린이집,"경기도 성남시 분당구 판교로256번길 25 1,2 층(삼평동)",031-708-0245,2016-03-31
2022,723,경기도,동국대일산병원직장어린이집,경기도 고양시 일산동구 무궁화로 260,031-903-6111,2016-02-29
2022,724,경기도,동두천경찰서어린이집,경기도 동두천시 상패로 89,031-863-2231,2022-02-28
2022,725,경기도,동탄산단해솔어린이집,경기도 화성시 동탄면 동탄산단6길 12,031-373-6062,2015-01-21
2022,726,경기도,동화어린이집,경기도 평택시 안중읍 덕우로 84-4,031-684-0030,2007-02-16
2022,727,경기도,두드림어린이집,경기도 군포시 군포첨단산업2로22번길 5,031-462-9906,2019-02-21
2022,728,경기도,두루말어린이집,경기도 이천시 장호원읍 경충대로 719-86 두루말어울림아파트 106동 1층,031-641-9888,2016-06-01
2022,729,경기도,럭키어린이집,"경기도 성남시 분당구 이매로 173 1, 2층(이매1동)",031-703-0953,2015-03-06
2022,730,경기도,롯데케미칼mom편한어린이집,경기도 군포시 한세로66번길 3-15 당정동,031-456-3071,2013-10-07
2022,731,경기도,르노코리아연구소어린이집(구.르노삼성연구소어린이집),경기도 용인시 기흥구 탑실로 61 공세동 르노삼성자동차(주)중앙연구소,031-693-6025,2016-02-15
2022,732,경기도,리틀 신동아어린이집,경기도 양주시 장흥면 호국로 698,031-875-8291,2018-02-22
2022,733,경기도,리틀어울림어린이집,경기도 파주시 문산읍 통일로 1750,031-953-0095,2018-03-08
2022,734,경기도,만도어린이집,경기도 성남시 분당구 판교로255번길 21 만도 글로벌알앤디센터 1층,02-6188-1670,2012-10-04
2022,735,경기도,만도평택어린이집,경기도 평택시 포승읍 연암길 46 만도사원아파트 102동 105호~106호,070-4152-9826,2016-08-30
2022,736,경기도,만안구청어린이집,경기도 안양시 만안구 냉천로 39,031-465-2017,2018-02-23
2022,737,경기도,맑은샘어린이집,경기도 안양시 만안구 냉천로 134,031-468-0022,2014-02-26
2022,738,경기도,맘편한어린이집,경기도 안산시 단원구 시화벤처로 575 캐논코리아 비즈니스 솔루션(주) 직장어린이집,031-412-0222,2016-02-26
2022,739,경기도,맹호어린이집,경기도 가평군 조종면 청군로 1208 맹호어린이집,031-585-1133,2016-02-29
2022,740,경기도,메리츠어린이집,경기도 부천시 송내대로 66 (상동),032-323-1020,2013-02-25
2022,741,경기도,명지병원하나린어린이집,경기도 고양시 덕양구 마상로57번길 87-35,070-4486-9267,2015-02-27
2022,742,경기도,미래나무어린이집,경기도 성남시 분당구 정자일로 155,031-5179-0234,2021-03-02
2022,743,경기도,미래키움어린이집,경기도 시흥시 시청로 20 어린이집(신관),031-317-5678,2014-02-20
2022,744,경기도,미소어린이집,경기도 양주시 남면 감악산로466번길 163-41 미소마을,031-866-2504,2014-10-31
2022,745,경기도,백마어린이집,경기도 광주시 오포읍 양벌로353번길 40-41 백마빌리지 106동1층,031-766-7715,2015-08-18
2022,746,경기도,법무부보드미어린이집,경기도 수원시 팔달구 팔달문로 176,031-216-1103,2020-02-19
2022,747,경기도,보바스어린이집,"경기도 성남시 분당구 궁내로40번길 37-7 1, 2층(금곡동)",031-719-3600,2008-06-20
2022,748,경기도,부천성모병원어린이집,경기도 부천시 소사로327번길 21 (소사동),032-343-7548,2020-04-27
2022,749,경기도,부천시청어린이집,경기도 부천시 길주로 210-2 (중동),032-326-7175,1997-08-14
2022,750,경기도,부천오정경찰서어린이집,경기도 부천시 소사로 631 (여월동),032-677-5656,2016-08-24
2022,751,경기도,분당경찰서어린이집,경기도 성남시 분당구 내정로166번길 19,031-713 -7570,2020-09-01
2022,752,경기도,분당구청어린이집,경기도 성남시 분당구 분당로 50 분당구청 내 1층 (수내동),031-729-7580,2003-05-01
2022,753,경기도,분당서울대학교병원 어린이집,"경기도 성남시 분당구 구미로173번길 82 분당서울대학교병원,2층(구미동)",031-787-4180,2015-08-19
2022,754,경기도,분당차병원어린이집,"경기도 성남시 분당구 방아로16번길 12 1층, (이매동)",031-702-5840,2016-11-29
2022,755,경기도,비승아이사랑어린이집,경기도 이천시 진상미로 1700-29 비승아파트 110동 101호,031-632-1040,2017-10-31
2022,756,경기도,비승어린이집,"경기도 이천시 진상미로 1700-29 (대포동, 비승아파트)",031-632-7580,2014-08-18
2022,757,경기도,산내들도담어린이집,경기도 포천시 영북면 영북로 210,031-531-3676,2011-09-19
2022,758,경기도,산내들어린이집,경기도 포천시 영북면 영북로 206,031-533-3113,2015-02-27
2022,759,경기도,삼성SDI기흥어린이집,경기도 용인시 기흥구 공세로 150-20 (공세동),031-274-5200,2012-02-22
2022,760,경기도,삼성SDS ICT수원센터어린이집,경기도 수원시 영통구 삼성로168번길 10 2층 (매탄동),031-8006-5181,2008-02-29
2022,761,경기도,삼성SDS 아이누리 어린이집,경기도 성남시 수정구 창업로 17,031-759 -8771,2022-06-27
2022,762,경기도,삼성SDS판교어린이집,경기도 성남시 분당구 대왕판교로606번길 10 타워1동 3층,031-8017-9626,2016-04-18
2022,763,경기도,삼성웰스토리어린이집,경기도 성남시 분당구 탄천상로151번길 20 월드쇼핑 A동 2층 (구미동),031-5171-4452,2020-03-06
2022,764,경기도,삼성전기어린이집,경기도 수원시 영통구 매영로 150 삼성전기 내 (매탄동),031-218-2935,2006-03-16
2022,765,경기도,삼성전자2어린이집,경기도 수원시 영통구 삼성로 130 (매탄동),031-217-6745,2012-05-24
2022,766,경기도,삼성전자3어린이집,경기도 수원시 영통구 삼성로 130 (매탄동),031-214-6891,2014-02-19
2022,767,경기도,삼성전자어린이집,경기도 수원시 영통구 삼성로 130 (매탄동),031-217-6740,1996-02-08
2022,768,경기도,삼성중공업 판교어린이집,경기도 성남시 분당구 판교로227번길 23 삼성중공업 R앤D센터 1층,031-8017-9004,2015-02-13
2022,769,경기도,삼양어린이집,경기도 성남시 분당구 판교로 295 1층(삼평동),02-2157-9089,2016-07-26
2022,770,경기도,상록구청어린이집,경기도 안산시 상록구 석호로 110 (사동),031-481-5745,2011-02-14
2022,771,경기도,상승숲속어린이집,경기도 이천시 장호원읍 경충대로597번길 225 (동원베네스트상승빌리지),031-641-7977,2015-01-15
2022,772,경기도,서울대늘푸른어린이집,경기도 시흥시 서울대학로 173,031-1111-1111,2020-09-29
2022,773,경기도,서울반도체 서울바이오시스직장어린이집,"경기도 안산시 단원구 광덕1로 80 104동 102호(초지동, 호수마을풍림아파트)",031-402-7179,2017-06-08
2022,774,경기도,서울특별시 보건환경연구원 어린이집,경기도 과천시 장군마을3길 30 (주암동),02-570-3150,2011-06-09
2022,775,경기도,서조어린이집,경기도 안양시 만안구 삼봉로 92,031-465-9965,2016-03-11
2022,776,경기도,선율어린이집,경기도 파주시 문산읍 돈유2로 26,031-953-2999,2020-02-28
2022,777,경기도,성남시청직장어린이집,경기도 성남시 중원구 성남대로 997 (여수동),031-729-2206,2010-02-24
2022,778,경기도,성남중원경찰서어린이집,경기도 성남시 중원구 금빛로2번길 10 상대원동,031-747-0901,2016-08-29
2022,779,경기도,성남행복어린이집,경기도 성남시 중원구 희망로392번길 13-9 (상대원동),031-745-4330,2016-03-04
2022,780,경기도,센트럴병원공동직장어린이집,경기도 시흥시 공단1대로 237 2층(신축동),031-8041-3993,2018-10-24
2022,781,경기도,수원남부경찰서어린이집,경기도 수원시 영통구 매봉로 52,031-211-2366,2016-08-25
2022,782,경기도,수원법원어린이집,경기도 수원시 영통구 광교중앙로266번길 53 영통구 하동 980,031-216-7930,2016-04-28
2022,783,경기도,수원사랑어린이집,경기도 수원시 권선구 세권로304번길 30-20 (권선동),031-228-4638,2004-02-24
2022,784,경기도,수원시청어린이집,경기도 수원시 팔달구 창룡대로 23 (매향동),031-228-7640,2001-11-27
2022,785,경기도,수원중부경찰서어린이집,경기도 수원시 장안구 금당로 70 (조원동),031-258-1148,2008-02-28
2022,786,경기도,수정구청어린이집,경기도 성남시 수정구 수정로 283 (신흥동),031-729-5580,1997-09-01
2022,787,경기도,수지구청직장어린이집,경기도 용인시 수지구 포은대로 435 수지구청직장어린이집,031-324-8591,2012-03-30
2022,788,경기도,수호천사공동직장어린이집,경기도 수원시 영통구 신원로 88 (신동),031-695-7004,2019-02-28
2022,789,경기도,순천향대학교 부천병원 직장어린이집,"경기도 부천시 조마루로 212 1204동104호(중동,무지개마을 동신아파트)",032-219-0117,2016-08-05
2022,790,경기도,숲속에버나인어린이집,경기도 고양시 일산동구 숲속마을2로 25 1006동 105호,031-818-9013,2015-03-05
2022,791,경기도,스마일게이트 스마일토리어린이집,경기도 성남시 분당구 판교로 344 스마일게이트 캠퍼스 1층,031-627-0221,2019-02-25
2022,792,경기도,스무빌직장어린이집,경기도 양평군 용문면 용문로 465,031-775-7955,2016-11-29
2022,793,경기도,스타트업캠퍼스어린이집,경기도 성남시 분당구 판교로289번길 20,031-5171-5110,2018-02-27
2022,794,경기도,승진어린이집,경기도 포천시 화현면 화동로 587-1,031-533-5877,2016-02-17
2022,795,경기도,시화병원어린이집,"경기도 시흥시 군자천로 381-2 (정왕동, 시화병원) 내 직장어린이집",031-432-2600,2020-10-22
2022,796,경기도,시흥경찰서어린이집,경기도 시흥시 황고개로 513,031-318 -3108,2020-08-27
2022,797,경기도,시흥시청어린이집,경기도 시흥시 시청로 20 어린이집(구관),031-310-2794,2004-03-01
2022,798,경기도,신동아어린이집,경기도 양주시 장흥면 호국로 698,031-829-8291,2016-03-09
2022,799,경기도,신한은행새싹어린이집,경기도 고양시 일산서구 중앙로 1442 신한은행건물2층 (주엽동),031-814-5234,2008-03-03
2022,800,경기도,신한일어린이집,경기도 부천시 중동로 33 (송내동),032-666-6520,2003-12-02
2022,801,경기도,신한키즈 일산어린이집,경기도 고양시 일산동구 중앙로 1311,031-906-5170,2019-02-28
2022,802,경기도,아름사랑어린이집,경기도 이천시 마장면 마도로 12 아름수리아파트 103동 103호,031-632-0601,2018-05-24
2022,803,경기도,아름수리어린이집,경기도 이천시 마장면 마도로 12 아름수리아파트 주민공용시설내,031-637-0620,2016-02-24
2022,804,경기도,아모레퍼시픽 용인 어린이집,경기도 용인시 기흥구 용구대로 1920 (보라동),031-899-2590,2005-07-15
2022,805,경기도,아이파크어린이집,경기도 포천시 이동면 화동로 2144-74,031-536-1289,2015-03-06
2022,806,경기도,아주대학교어린이집,경기도 수원시 영통구 월드컵로193번길 52-3 (원천동),031-219-4810,1999-03-06
2022,807,경기도,아지뜰어린이집,경기도 성남시 분당구 판교역로 166 2층,031-603-3103,2019-02-26
2022,808,경기도,안산상록경찰서어린이집,경기도 안산시 상록구 차돌배기로 10 상록경찰서직장어린이집 (사동),031-502-0225,2016-08-26
2022,809,경기도,안산시청어린이집,경기도 안산시 단원구 화랑로 387 안산시청 내 안산시청어린이집(고잔동),031-481-3145,1997-04-10
2022,810,경기도,안양동안경찰서어린이집,경기도 안양시 동안구 동안로159번길 43,031-386 -0810,2020-09-11
2022,811,경기도,안양법원어린이집,경기도 안양시 동안구 관평로212번길 69,031-8086-4580,2016-02-22
2022,812,경기도,안양시청어린이집,경기도 안양시 동안구 시민대로 235 (관양동),031-8045-2760,1996-11-15
2022,813,경기도,양주경찰서어린이집,경기도 양주시 평화로 1699,031-928 -7273,2020-08-26
2022,814,경기도,양주다솜어린이집,경기도 양주시 은현면 화합로1169번길 31-30,031-859-3190,2016-10-10
2022,815,경기도,양주시청감동어린이집,경기도 양주시 부흥로 1533,031-928-0914,2017-02-23
2022,816,경기도,양지2어린이집,"경기도 고양시 덕양구 중앙로64번길 136-2 121동 101호(화전동, 양지마을아파트)",02-3158-4771,2018-01-02
2022,817,경기도,양지어린이집,"경기도 고양시 덕양구 중앙로64번길 136-2 121동102호(화전동, 양지마을아파트)",02-3158-2554,2015-02-13
2022,818,경기도,어울림어린이집,경기도 파주시 문산읍 통일로 1750,031-952-0096,2017-03-03
2022,819,경기도,에버랜드어린이집,경기도 용인시 처인구 포곡읍 에버랜드로 199 (전대리 310외 20필지),031-320-9651,2018-02-22
2022,820,경기도,에스케이하이닉스어린이집,경기도 이천시 대월면 대산로208번길 250,031-636-6027,1999-01-11
2022,821,경기도,에어팰리스어린이집,경기도 하남시 초일로 78,02-481-7700,2015-06-15
2022,822,경기도,엔젤어린이집,경기도 오산시 가장산업동로 14-18,031-370-0830,2014-03-03
2022,823,경기도,여주시청직장어린이집,경기도 여주시 청심로 121-15,031-882-1788,2015-02-27
2022,824,경기도,연천아이파크어린이집,경기도 연천군 연천읍 평화로 1239,031-834-4860,2017-12-01
2022,825,경기도,연합어린이집,경기도 김포시 양촌읍 황금로323번길 26,031-8049-0201,2021-07-29
2022,826,경기도,오산경찰서어린이집,경기도 오산시 동부대로 596,031-372-9554,2016-08-30
2022,827,경기도,오산시청어린이집,경기도 오산시 운암로 64 오산동 대동아파트 109-101,031-372-7714,2012-02-15
2022,828,경기도,오산한국병원직장어린이집,"경기도 오산시 오산로160번길 14 109동 102호(원동,대림e편한세상1단지)",070-8800-3770,2020-02-20
2022,829,경기도,오코빌어린이집,경기도 포천시 일동면 소야길 52 (오뚜기빌 관리동),031-532-3079,2012-08-16
2022,830,경기도,온누리직장어린이집,경기도 용인시 처인구 금학로235번길 26 부대복리동,031-333-7069,2018-07-06
2022,831,경기도,온빛가득어린이집,경기도 부천시 성곡로33번길 30 (여월동),032-676-2950,2006-02-24
2022,832,경기도,용인서부경찰서어린이집,경기도 용인시 기흥구 용구대로2469번길 32,031-898 -2469,2020-09-22
2022,833,경기도,용인시청상록어린이집,경기도 용인시 처인구 중부대로 1199 용인시청 2층(삼가동 556),031-324-3539,1997-02-04
2022,834,경기도,우리어린이집,경기도 성남시 분당구 황새울로 346 3층(서현1동),031-8017-9192,2018-02-27
2022,835,경기도,웃는땅콩 R&D센터 어린이집,경기도 성남시 분당구 대왕판교로644번길 12 (삼평동 판교알앤디센터) 엔씨소프트센터 N동 1층,02-6201-7500,2013-08-09
2022,836,경기도,웃는땅콩 알파리움 어린이집,경기도 성남시 분당구 판교역로 145,02 -6201-0070,2022-02-28
2022,837,경기도,원광대학교 산본병원 직장어린이집,경기도 군포시 오금로 43,031-393-1222,2021-12-22
2022,838,경기도,유베이스어린이집,경기도 부천시 석천로60번길 29 (상동),032-652-7922,2016-09-21
2022,839,경기도,의돌이어린이집,경기도 의정부시 시민로 1 의정부시청 별관1층 (의정부동),031-828-8888,2001-07-10
2022,840,경기도,의정부경찰서어린이집,경기도 의정부시 호국로 1268 의정부경찰서어린이집,031-877-7686,2016-07-29
2022,841,경기도,의정부도담어린이집,경기도 의정부시 둔야로 9,031-877-9300,2021-10-21
2022,842,경기도,의정부성모병원어린이집,경기도 의정부시 천보로 271 의정부성모병원어린이집,031-820-3381,2016-02-11
2022,843,경기도,이오랑어린이집,경기도 안양시 동안구 동편로 110 동편마을 319동101호,031-337-9555,2016-09-05
2022,844,경기도,이우아이어린이집,경기도 화성시 삼성1로2길 13 이우아이어린이집,031-379-9411,2016-02-26
2022,845,경기도,이케아 다기스(광명)어린이집,경기도 광명시 일직로 17 이케아 다기스(광명)어린이집,02-899-6587,2014-12-01
2022,846,경기도,이케아 다기스(기흥)어린이집,경기도 용인시 기흥구 신고매로 62 (고매동),070-4336-7086,2019-11-28
2022,847,경기도,이케아다기스(고양)어린이집,경기도 고양시 덕양구 권율대로 420 이케아 1층,031-994-5800,2017-09-28
2022,848,경기도,일산동구청 어린이집,경기도 고양시 일산동구 중앙로 1256 일산동구청내,031-8075-6655,2000-09-29
2022,849,경기도,일산서구청직장어린이집,경기도 고양시 일산서구 중앙로 1600,031-918-3338,2014-04-02
2022,850,경기도,일산서부경찰서어린이집,경기도 고양시 일산서구 주엽로 176,031-911 -0901,2020-09-01
2022,851,경기도,일산에버나인어린이집,"경기도 고양시 일산동구 숲속마을2로 25 1006동 104호 (풍동, 숲속마을10단지아파트)",031-907-7930,2015-03-05
2022,852,경기도,자람어린이집,경기도 평택시 삼남로 17-6,031-664-5567,2018-11-01
2022,853,경기도,전진타운어린이집,경기도 파주시 사임당로 133-1 관리동,031-952-5001,2011-12-26
2022,854,경기도,제생병원어린이집,경기도 성남시 분당구 황새울로341번길 23 별관1층(서현1동),031-779-5047,2009-12-09
2022,855,경기도,중부지방국세청우리누리어린이집,경기도 수원시 장안구 경수대로 1110-17 (파장동),031-888-4212,2008-09-10
2022,856,경기도,중원구청어린이집,경기도 성남시 중원구 제일로 36 중원구청 내 2층 (성남동),031-751-7595,1998-02-09
2022,857,경기도,책N꿈 어린이집,경기도 성남시 분당구 동판교로 226 봇들마을 404동 101호,031-704-3927,2019-08-29
2022,858,경기도,처인구청직장어린이집,경기도 용인시 처인구 금령로 50 별관 3층(김량장동 286),031-321-2997,2012-05-31
2022,859,경기도,청룡어린이집,경기도 김포시 통진읍 조강로 106-10,031-997-3174,2021-03-15
2022,860,경기도,청파어린이집,경기도 수원시 권선구 경수대로359번길 14-16 (권선동)),031-225-9004,2010-03-31
2022,861,경기도,초록꿈어린이집,경기도 의왕시 안양판교로 143 (서울구치소 내) (포일동),031-423-9552,2013-03-08
2022,862,경기도,출판도시어린이집,경기도 파주시 광인사길 7,031-955-5600,2014-09-16
2022,863,경기도,충일어린이집,경기도 남양주시 홍유릉로 134 201호 1층,031-594-9977,2017-11-30
2022,864,경기도,코레일고양어린이집,경기도 고양시 덕양구 행주로 108-1 (행주내동),070-7613-3051,2014-03-19
2022,865,경기도,코오롱어린이집,경기도 과천시 코오롱로 11 5층,02-3677-5201,2010-08-27
2022,866,경기도,코이카어린이집,경기도 성남시 수정구 대왕판교로 825 한국국제협력단 내 코이카어린이집,031-777-2671,2015-08-31
2022,867,경기도,코코도르어린이집,경기도 용인시 처인구 모현읍 왕담로 149,070-4817-3565,2018-07-26
2022,868,경기도,크래프톤 어린이집,경기도 성남시 분당구 분당내곡로 117 크래프톤타워 3층(백현동),031-622-7540,2019-08-29
2022,869,경기도,태풍어린이집,경기도 연천군 전곡읍 평화로699번길 22,031-833-2824,2017-12-01
2022,870,경기도,텔스타 어린이집,경기도 평택시 청북읍 현곡산단로93번길 89,031-646-4198,2018-02-27
2022,871,경기도,파라곤직장어린이집,경기도 남양주시 순화궁로 249,031-572-0698,2021-08-06
2022,872,경기도,파주경찰서어린이집,경기도 파주시 쇠재로 140,031-956 -5213,2022-03-07
2022,873,경기도,파주시청어린이집,경기도 파주시 시민회관길 16-11,031-940-8604,2008-10-10
2022,874,경기도,판교세븐벤처밸리 어린이집,경기도 성남시 분당구 판교로228번길 15 판교세븐벤처밸리1 농수산홈쇼핑 1층 (삼평동),031-622-3973,2010-03-03
2022,875,경기도,평택삼성어린이집,경기도 평택시 고덕면 삼성로 145 (여염리),031-8094-9321,2019-02-22
2022,876,경기도,평택시청직장어린이집,경기도 평택시 중앙로 277,031-655-5500,2016-02-26
2022,877,경기도,포스코ICT어린이집,경기도 성남시 분당구 판교로 255 포스코ICT 1층 (삼평동),031-723-2113,2011-08-30
2022,878,경기도,포천시청어린이집,경기도 포천시 중앙로 87 (신읍동),031-531-8844,2003-02-28
2022,879,경기도,푸르니궁내어린이집(구.휴맥스어린이집),경기도 성남시 분당구 궁내로 52 1~3층(금곡동),031-786-0258,2016-02-29
2022,880,경기도,푸르니두나어린이집,"경기도 성남시 분당구 방아로 60 푸르니 두나 어린이집1,2층 (이매동)",031-705-1206,2006-06-01
2022,881,경기도,푸르니분당어린이집,경기도 성남시 분당구 방아로 50 (이매동),031-705-1205,2004-06-22
2022,882,경기도,푸르니수지 어린이집,경기도 용인시 수지구 고기로 176 푸르니수지어린이집,031-276-7432,2011-03-08
2022,883,경기도,푸르니이매어린이집,경기도 성남시 분당구 이매로89번길 16,031-705-4700,2017-02-24
2022,884,경기도,푸르니일산어린이집,경기도 고양시 일산서구 일산로 650 (대화동),031-994-3359,2004-06-29
2022,885,경기도,푸르니판교어린이집,경기도 성남시 분당구 분당내곡로 131,031-601 -7480,2022-06-27
2022,886,경기도,푸르름어린이집,경기도 성남시 분당구 판교로 242 판교디지털센터 A동 101호,031-8060-1392,2016-02-24
2022,887,경기도,푸르미르어린이집,경기도 김포시 서암로131번길 42-42 선진아파트 내,070-8864-3900,2012-06-29
2022,888,경기도,푸르미어린이집,경기도 연천군 전곡읍 평화로673번길 61,031-833-6789,2017-12-01
2022,889,경기도,필승어린이집,"경기도 고양시 덕양구 중앙로64번길 135-1 (화전동,양지푸르지오 내 보육시설)",02-3158-2553,2013-04-09
2022,890,경기도,하남시청직장어린이집,경기도 하남시 대청로 10 하남시청본관1층 어린이집,031-792-0066,2022-02-28
2022,891,경기도,하이키즈어린이집,경기도 성남시 분당구 성남대로343번길 9 에스케이유타워 3층,031-625-5400,2019-10-08
2022,892,경기도,한강유역환경청 한강직장어린이집,경기도 하남시 미사강변한강로 229 (망월동) 한강유역환경청 부속동,031-792-0515,2017-03-02
2022,893,경기도,한국가스공사늘푸른어린이집,경기도 평택시 포승읍 서동대로 1297-19,031-686-7493,2006-05-30
2022,894,경기도,한국마사회 새솔어린이집,경기도 과천시 경마공원대로 107 한국마사회,02-6006-3267,2016-11-29
2022,895,경기도,한국마사회 아리솔 어린이집,경기도 과천시 경마공원대로 107 (주암동),02-6006-3261,2010-10-05
2022,896,경기도,한국서부발전(주) 반딧불 어린이집,경기도 평택시 포승읍 서동대로 1297-19,031-681-6027,2016-02-25
2022,897,경기도,한국지역난방공사 수지 따소미어린이집,경기도 용인시 수지구 신수로683번길 21 한국지역난방공사 수지따소미어린이집,070-4323-0007,2013-04-05
2022,898,경기도,한국지역난방공사따소미어린이집,"경기도 성남시 분당구 수내로 181 샛별마을우방아파트 단지 입구1,2층 (상가 맞은 편) (분당동)",031-707-0287,2007-03-06
2022,899,경기도,한국지역난방공사일산따소미어린이집,"경기도 고양시 일산동구 강송로 194 (마두동, 강촌마을1단지)",031-908-6563,2012-04-06
2022,900,경기도,한미약품꿈나무어린이집,경기도 화성시 장승백안길 29,031-356-8544,2021-02-26
2022,901,경기도,한빛어린이집,"경기도 고양시 덕양구 호국로 1172-1 (원신동,한빛아파트)",031-966-5161,2016-03-09
2022,902,경기도,한성어린이집,경기도 성남시 수정구 대왕판교로 1210 서울공항 영내 A지역,031-720-4899,1992-01-13
2022,903,경기도,한성제2어린이집,경기도 성남시 수정구 대왕판교로 1210 서울공항 영내 A지역,031-754-1492,2016-04-08
2022,904,경기도,한아름어린이집,경기도 연천군 전곡읍 평화로673번길 61 한아름아파트 13동 106호,031-835-7222,2018-06-27
2022,905,경기도,한화성남어린이집,경기도 성남시 중원구 양현로405번길 4-5,031-759-7925,2015-02-27
2022,906,경기도,함초롱어린이집,경기도 이천시 부악로 40 이천시청 부악관1층,031-632-3925,2006-02-28
2022,907,경기도,해군어린이집,경기도 평택시 포승읍 2함대길 20 107동 뒤,031-686-5105,2013-02-07
2022,908,경기도,해병대덕산어린이집,경기도 화성시 봉담읍 시청로 1311 해병대사령부 내,031-227-5352,2015-10-01
2022,909,경기도,해보듬어린이집,경기도 수원시 영통구 광교중앙로248번길 50 (하동),031-214-9929,2019-02-28
2022,910,경기도,해와달어린이집,경기도 양주시 백석읍 부흥로 1071-41 26사단 관사 내 어린이집,031-836-2888,2016-02-25
2022,911,경기도,행복드림어린이집,경기도 파주시 광탄면 보광로 962,031-947-3014,2017-09-28
2022,912,경기도,행복아이어린이집,경기도 파주시 청송로 1000,031-937-8677,2019-12-30
2022,913,경기도,행복어린이집,경기도 파주시 청송로 1000 (마지리 73),031-959-7767,2012-03-19
2022,914,경기도,행복어린이집,"경기도 성남시 분당구 새마을로177번길 81 1, 2층(율동)",031-701-1053,2016-03-04
2022,915,경기도,행복한 어린이집,경기도 과천시 과천대로 615 솔개아파트 라동 106호,02-507-7726,2016-08-30
2022,916,경기도,향남제약공단어린이집,경기도 화성시 향남읍 제약공단1길 9,031-353-2052,1999-04-26
2022,917,경기도,현대모비스동백어린이집,경기도 용인시 기흥구 동백죽전대로527번길 100-43 2층,031-284-0590,2016-04-25
2022,918,경기도,현대의왕직장어린이집,"경기도 의왕시 까치골길 11 101호(삼동, 삼풍빌라트)",031-8090-8900,2018-02-23
2022,919,경기도,현대자동차남양연구소 어린이집,"경기도 화성시 남양읍 남양로621번길 40 상가동 1,2층",031-356-9689,2008-02-22
2022,920,경기도,현대케피코늘푸른어린이집,경기도 군포시 이당로 113 (당정동),031-452-5054,2005-03-04
2022,921,경기도,현대트랜시스동탄어린이집,경기도 화성시 동탄순환대로 881-10 704동 105호,031-377-7307,2017-12-27
2022,922,경기도,화서경기도청어린이집,경기도 수원시 팔달구 고화로130번길 21,031-8008-5697,2022-05-23
2022,923,경기도,화성2삼성어린이집,경기도 화성시 동탄원천로 214-6,031-325-7979,2020-02-26
2022,924,경기도,화성삼성어린이집,경기도 화성시 삼성전자로 1-2 (반월동),031-208-3293,2006-04-19
2022,925,경기도,화성시청햇살어린이집,경기도 화성시 시청로 159 화성시청 내 어린이집 (남양동),031-366-8341,2007-03-02
2022,926,경기도,화성어린이집,경기도 수원시 권선구 경수대로168번길 79,031-546-2825,2022-02-28
2022,927,경기도,흥덕IT밸리어린이집,"경기도 용인시 기흥구 흥덕1로 13 흥덕IT밸리 COMPLEX B동 216호,217호",031-8065-4450,2018-02-26
2022,928,강원도,15사단 Daycare어린이집,강원도 화천군 사내면 소이길 81,033-441-2788,2018-03-05
2022,929,강원도,15사단 다목리어린이집,강원도 화천군 상서면 감성마을길 10,033-442-1510,2016-04-12
2022,930,강원도,KOMIR어린이집,강원도 원주시 혁신로 199 (반곡동),033-736-5055,2016-05-27
2022,931,강원도,KOMIR제2어린이집,강원도 원주시 세계로 2 (반곡동),033-902-6774,2015-08-26
2022,932,강원도,KOSPO빛사랑어린이집,강원도 삼척시 새천년도로 559-23,033-576-8809,2021-05-13
2022,933,강원도,가온어린이집,강원도 홍천군 화촌면 성산로 109-1,033-432-5274,2016-02-19
2022,934,강원도,강릉경찰서폴키즈어린이집,강원도 강릉시 강릉대로 377,033-652 -2651,2022-03-02
2022,935,강원도,강릉공군은빛나래어린이집,강원도 강릉시 공항길 180 (남항진동),033-649-3885,2015-12-29
2022,936,강원도,강릉소방서영웅어린이집,강원도 강릉시 선수촌로 64-28,033-642-8201,2021-02-25
2022,937,강원도,강릉시청어린이집,강원도 강릉시 강릉대로 33 (홍제동),033-641-8121,2016-02-23
2022,938,강원도,강릉아산병원어린이집,강원도 강릉시 사천면 방동길 38,033-610-4411,1997-01-30
2022,939,강원도,강릉원주대학교해람어린이집,강원도 강릉시 죽헌길 7,033-655-3100,2019-02-26
2022,940,강원도,강원경찰청어린이집,강원도 춘천시 동면 만천로143번길 84,033-244-5586,2016-08-31
2022,941,강원도,강원대학교어린이집,강원도 춘천시 서부대성로 257,033-251-2116,2010-08-30
2022,942,강원도,강원도청범이곰이어린이집,강원도 춘천시 봉의산길 37 (봉의동 4-9),033-251-8050,2011-11-30
2022,943,강원도,건강보험심사평가원어린이집,강원도 원주시  입춘로 130,033-739-5301,2015-12-01
2022,944,강원도,건강보험어린이집,강원도 원주시 건강로 32 (반곡동),033-733-0415,2016-01-05
2022,945,강원도,건강보험제2어린이집,강원도 원주시 반곡길 120,033-733-0455,2020-08-25
2022,946,강원도,공근농공단지 이안애어린이집,강원도 횡성군 공근면 아이티밸리길 27,033-345-2727,2014-03-28
2022,947,강원도,기쁜어린이집,강원도 속초시 농공단지1길 8,033-637-1979,2015-02-27
2022,948,강원도,나래울어린이집,강원도 삼척시 정상안길 97 금강프라자 307호,033-576-0956,2015-11-02
2022,949,강원도,도로교통공단어린이집,강원도 원주시 혁신로 2,033-747-6556,2021-02-02
2022,950,강원도,동해지방해양경찰청어린이집,강원도 동해시 이원길 156,033-522-6230,2014-03-01
2022,951,강원도,동화속어린이집,강원도 원주시 문막읍 동화공단로 75,033-743-6543,2015-03-02
2022,952,강원도,두미르어린이집,강원도 춘천시 소양로 30 두미르어린이집,033-253-5242,2018-02-23
2022,953,강원도,만도원주어린이집,강원도 원주시 문막읍 왕건로 114 만도사원아파트 106동109~110호,033-731-5500,2016-12-19
2022,954,강원도,미소어린이집,강원도 인제군 원통로 261-20,033-461-6877,2012-11-13
2022,955,강원도,백두산어린이집,강원도 양구군 양구읍 죽곡로73번길 2-28 백두산마을아파트 B동 107호,033-482-8840,2014-08-01
2022,956,강원도,비발디파크어린이집,강원도 홍천군 서면 한치골길 262,033-439-7862,2015-11-19
2022,957,강원도,빛나라어린이집,강원도 인제군 기린면 내린천로 3898,033-461-1223,2017-03-09
2022,958,강원도,삼척경찰서어린이집,강원도 삼척시 정상로 53,033-575-5571,2022-02-28
2022,959,강원도,상남푸르미어린이집,강원도 인제군 상남로 48-3,033-462-7102,2021-07-12
2022,960,강원도,속초경찰서어린이집,강원도 속초시 도리원길 93,033-637 -0112,2022-03-01
2022,961,강원도,스위첼어린이집,강원도 철원군 서면 삼성길 25 스위첼어린이집,033-458-6100,2014-12-24
2022,962,강원도,아이존어린이집,강원도 춘천시 남산면 버들1길 130 (수동리 736),02-6233-5891,2013-04-01
2022,963,강원도,양구푸르니어린이집,강원도 양구군 양구읍 청춘로 49 해링턴플레이스 내,033-482-3690,2014-02-27
2022,964,강원도,원주경찰서어린이집,강원도 원주시 동부순환로 338-22,033-813 -1121,2020-08-20
2022,965,강원도,원주세브란스어린이집,"강원도 원주시 일산로 20 (일산동,연세대학교 원주의과대학기독병원)",033-742-9951,2017-02-23
2022,966,강원도,원주소방서어린이집,강원도 원주시 동부순환로 201,033-744-0288,2021-05-31
2022,967,강원도,원주시청어린이집,강원도 원주시 시청로 1 (무실동),033-737-4651,2009-02-25
2022,968,강원도,을지어린이집,강원도 인제군 서화면 금강로 1513-1 을지어린이집,033-462-2651,2016-03-02
2022,969,강원도,응봉어린이집,강원도 인제군 남면 응봉길 51 응봉아파트 203동 1층,033-461-8081,2015-02-26
2022,970,강원도,지텍빌리지어린이집,강원도 춘천시 동내면 거두단지길 55 지텍빌리지 어린이집,033-261-1906,2014-02-28
2022,971,강원도,진백어린이집,강원도 철원군 김화로 309 청양아파트 진백어린이집,033-458-1968,2012-10-12
2022,972,강원도,청사초롱어린이집,강원도 원주시 세계로 10,033-738-3931,2015-01-28
2022,973,강원도,춘천시청어린이집,강원도 춘천시 삭주로 3-1,033-257-3974,2021-10-21
2022,974,강원도,칠성어린이집,강원도 화천군 영서로 7771,033-441-1006,2022-03-02
2022,975,강원도,푸른별어린이집,강원도 철원군 금학로157번길 35 경남아너스아파트 단지내 푸른별어린이집,033-458-7707,2013-01-30
2022,976,강원도,푸른아기별어린이집,강원도 철원군 동송읍 금학로121번길 19 11동 106호,033-456-2001,2020-03-12
2022,977,강원도,하이원정선어린이집,강원도 정선군 고한읍 고한로 55,033-592-6060,2021-02-08
2022,978,강원도,하이원태백어린이집,강원도 태백시 지지리골길 17,070-7006-5160,2012-02-23
2022,979,강원도,한마음어린이집,강원도 춘천시 영서로 2491,033-815-8015,2012-03-02
2022,980,강원도,해군1함대 사랑Dream어린이집,강원도 동해시 평릉길 60-1,033-535-7606,2013-02-25
2022,981,강원도,해군1함대 행복Dream어린이집,강원도 동해시 중앙로 143,033-533 -7601,2022-09-19
2022,982,강원도,행복어린이집,강원도 인제군 인제로 315,033-463-3004,2012-10-02
2022,983,강원도,화랑마을어린이집,강원도 홍천군 남면 가작골길 6-1,033-432-3663,2013-02-28
2022,984,강원도,화랑어린이집,강원도 홍천군 홍천읍 무궁화로4길 23,033-436-8522,2016-02-19
2022,985,충청북도,DB하이텍햇살어린이집,충청북도 음성군 감곡면 장감로188번길 12-8,043-883-7722,2011-09-01
2022,986,충청북도,LG청주어린이집,충청북도 청주시 흥덕구 월명로 101 LG청주어린이집(봉명2.송정동),043-267-2107,2010-02-25
2022,987,충청북도,SK하이닉스청주어린이집,충청북도 청주시 흥덕구 월명로 149 SK하이닉스청주어린이집(봉명2.송정동),043-263-2955,2007-06-28
2022,988,충청북도,꿈나래어린이집,충청북도 진천군 덕산읍 교연로 778,043-533-2017,2017-02-28
2022,989,충청북도,꿈단지어린이집,충청북도 청주시 청원구 상당로 314 청주첨단문화산업단지 청주시문화산업진흥재단,043-219-1166,2013-12-30
2022,990,충청북도,남성대어린이집,충청북도 영동군 학산영동로 1216 영외숙소,043-745-4777,2012-08-29
2022,991,충청북도,도담어린이집,충청북도 청주시 흥덕구 직지대로435번길 15 (주)대원 내,043-266-0770,2014-02-26
2022,992,충청북도,문무어린이집,충청북도 괴산군 읍내로 194 육군학생군사학교 영외아파트 103동 1층,043-832-0113,2012-06-04
2022,993,충청북도,법무부햇살어린이집,충청북도 청주시 서원구 청남로1887번길 78 (산남동),043-286-7100,2004-03-04
2022,994,충청북도,삼성SDI청주어린이집,충청북도 청주시 청원구 오창읍 구룡택지로 8-19,043-211-9680,2017-02-20
2022,995,충청북도,상당구청어린이집,충청북도 청주시 상당구 남일면 단재로 466,043-201-5075,2003-10-01
2022,996,충청북도,서울병원어린이집,충청북도 제천시 풍양로 64 (명동),043-652-7101,2004-12-17
2022,997,충청북도,서원구청어린이집,"충청북도 청주시 서원구 사직대로 227 (사직동, 서원구청)",043-201-6086,1996-04-02
2022,998,충청북도,성무어린이집,"충청북도 청주시 상당구 남일면 단재로 575  (남일면,성무아파트)",043-296-1500,2012-02-21
2022,999,충청북도,시그너스직장어린이집,충청북도 충주시 중방곡길 40-12,043-724-9191,2021-03-02
2022,1000,충청북도,심텍복대어린이집,충청북도 청주시 흥덕구 사직대로11번길 50 (복대1동),043-716-0050,2015-02-26
2022,1001,충청북도,아침편지어린이집,충청북도 충주시 노은면 솔고개로 737-5,070-8275-8537,2010-11-08
2022,1002,충청북도,오송보건의료행정타운청사어린이집,충청북도 청주시 흥덕구 오송읍 오송생명2로 187 오송보건의료행정타운,043-719-0228,2011-01-03
2022,1003,충청북도,오송보건의료행정타운청아어린이집,충청북도 청주시 흥덕구 오송읍 오송생명2로 187,043-719-0505,2021-01-18
2022,1004,충청북도,오창과학 미래어린이집,충청북도 청주시 청원구 오창읍 중부로 770,043-215-1004,2019-02-20
2022,1005,충청북도,옥천성모병원어린이집,충청북도 옥천군 옥천읍 성왕로 1195,043-730-7555,2009-11-19
2022,1006,충청북도,우주어린이집,충청북도 증평군 증평읍 안골길 115 흑표리슈빌 아파트 단지내,043-838-2861,2013-06-03
2022,1007,충청북도,우진플라임어린이집,충청북도 보은군 장안면 우진플라임로 55,043-542-0088,2017-02-27
2022,1008,충청북도,제천경찰서어린이집,충청북도 제천시 용두대로 27,043-644 -7942,2020-08-25
2022,1009,충청북도,제천시청어린이집,충청북도 제천시 내토로 295 제천시청,043-647-5252,2018-03-07
2022,1010,충청북도,천성어린이집,충청북도 청주시 청원구 내수읍 내수로 385,043-216-1788,2012-02-29
2022,1011,충청북도,청원구청어린이집,충청북도 청주시 청원구 직지대로 871 (우암동),043-201-8090,1998-01-22
2022,1012,충청북도,청주법원어린이집,"충청북도 청주시 서원구 산남로62번길 51 (청주지방법원, 본관동1층)",043-288-0632,2014-12-30
2022,1013,충청북도,충북경찰청어린이집,충청북도 청주시 상당구 목련로 266 운동동 1-4,043-298-0182,2016-08-26
2022,1014,충청북도,충북대학교병원사랑누리어린이집,충청북도 청주시 서원구 충대로 1 충북대학교병원 사랑누리어린이집(개신동),043-269-7887,2018-02-26
2022,1015,충청북도,충북대학교직장어린이집,"충청북도 청주시 서원구 충대로 1 충북대학교, N20-3",043-249-1310,2019-04-25
2022,1016,충청북도,충주시청직장어린이집,충청북도 충주시 으뜸로 21,043-847 -7942,2020-08-24
2022,1017,충청북도,충청북도교육청아이사랑어린이집,"충청북도 청주시 서원구 청남로 1929 4동 11호(산남동, 충청북도교육청)",043-290-2869,2011-03-22
2022,1018,충청북도,코레일제천어린이집,충청북도 제천시 청풍호로2가길 9 (영천동),043-643-7701,2010-02-10
2022,1019,충청북도,키파운드리 직장어린이집,충청북도 청주시 흥덕구 덕암로24번길 6 (봉명동),043-263-0085,2012-03-02
2022,1020,충청북도,한화보은어린이집,충청북도 청주시 상당구 남일면 효촌송정1길 13 2동 1층(한화사원A),043-285-9113,2014-04-23
2022,1021,충청북도,현대모비스 진천어린이집,충청북도 진천군 문백면 문덕길 173 현대모비스 진천어린이집,043-536-5767,2014-03-03
2022,1022,충청북도,흥덕구청어린이집,충청북도 청주시 흥덕구 청주역로 71,043-201-7969,2021-12-22
2022,1023,충청남도,(주)태양어린이집,충청남도 천안시 서북구 업성1길 53-31,041-567-9810,2004-09-02
2022,1024,충청남도,kids새빛어린이집,충청남도 태안군 태안읍 동평로 16 새빛마을아파트 내,041-675-9549,2004-08-30
2022,1025,충청남도,LG화학대산어린이집,충청남도 서산시 대산읍 명지1로 259-14,041-429-2201,2015-04-02
2022,1026,충청남도,가온누리어린이집,충청남도 천안시 동남구 청수14로 77 (청당동),041-590-0470,2018-02-27
2022,1027,충청남도,경찰대학 어린이집,충청남도 아산시 황산길 100-50,041-549 -7858,2020-08-20
2022,1028,충청남도,국립생태원어린이집,충청남도 서천군 금강로 1210,070-4335-7037,2022-07-01
2022,1029,충청남도,국방대학교어린이집,충청남도 논산시 양촌면 황산벌로1098번길 46,041-733-5501,2017-07-28
2022,1030,충청남도,금산군청 직장어린이집,충청남도 금산군 금산읍 군청3길 22,041-751 -1222,2022-07-07
2022,1031,충청남도,꿈이랑어린이집,충청남도 서산시 대산읍 영전1길 353,070-4120-0558,2021-11-29
2022,1032,충청남도,당진시청어린이집,충청남도 당진시 시청1로 1,041-356-5683,2011-10-20
2022,1033,충청남도,동국제강당진어린이집,충청남도 당진시 송산면 송산로 125 페럼빌아파트 관리동 2층,041-970-7005,2017-02-23
2022,1034,충청남도,롯데케미칼mom편한어린이집,충청남도 서산시 대산읍 물안1로 123 롯데케미칼사택 복지관3층,041-669-3722,2016-02-24
2022,1035,충청남도,백석산업단지어린이집,충청남도 천안시 서북구 백석공단1로 20,041-551-8885,2013-01-31
2022,1036,충청남도,백제어린이집,충청남도 논산시 시민로294번길 14,041-735-8855,1999-12-07
2022,1037,충청남도,별무리어린이집,충청남도 금산군 남일면 별무리1길 12,041-751-4607,2018-03-13
2022,1038,충청남도,사사숲속어린이집,충청남도 금산군 남일면 사사길 21,041-751-4498,2016-01-20
2022,1039,충청남도,삼성전자온양어린이집,충청남도 아산시 북수로 5 (북수리),041-534-6744,2007-03-22
2022,1040,충청남도,새빛누리어린이집,충청남도 보령시 보령북로 162,041-934-7978,2015-10-28
2022,1041,충청남도,새빛어린이집,충청남도 태안군 태안읍 동평로 16 새빛마을아파트 내,041-675-9545,2015-08-18
2022,1042,충청남도,서부발전 이화마을 어린이집,충청남도 태안군 원북면 원이로 820-32,041-675-7383,2014-09-17
2022,1043,충청남도,서산경찰서직장어린이집,충청남도 서산시 홍천로 20,041-666 -2166,2022-02-21
2022,1044,충청남도,서산오토밸리어린이집,충청남도 서산시 지곡면 무장산업로 263-38,041-667-9963,2016-01-18
2022,1045,충청남도,세메스어린이집,충청남도 천안시 서북구 직산읍 4산단6길 89,041-583-0718,2017-05-29
2022,1046,충청남도,소소어린이집,충청남도 당진시 합덕읍 회태길 16-5,041-363-9974,2015-06-01
2022,1047,충청남도,순천향대학교사랑둥지직장어린이집,충청남도 아산시 신창면 순천향로 22,041-530-1075,2016-11-11
2022,1048,충청남도,씨앤에스어린이집,충청남도 천안시 서북구 한들3로 78-27,041-621-2323,2013-03-04
2022,1049,충청남도,아산경찰서 어린이집,충청남도 아산시 남부로 370-15,041-534-2351,2016-08-30
2022,1050,충청남도,아산시청 직장어린이집,충청남도 아산시 충무로115번길 12 (권곡동),041-540-2969,2003-08-20
2022,1051,충청남도,아산테크노밸리 공동직장어린이집,충청남도 아산시 둔포면 중앙공원로 43,041-545-4200,2019-02-28
2022,1052,충청남도,연무사랑어린이집,충청남도 논산시 연무읍 득안대로 652,041-741-1275,2019-12-18
2022,1053,충청남도,연무행복어린이집,충청남도 논산시 연무읍 안심로 139-1 연무행복어린이집,041-742-8597,2013-12-13
2022,1054,충청남도,예산군청직장어린이집,충청남도 예산군 예산읍 군청로 22,041-339-7876,2018-01-25
2022,1055,충청남도,용성아희뜰어린이집,충청남도 서산시 신성로 330 공군제20전투비행단 부대 내,041-689-1189,2007-01-25
2022,1056,충청남도,인주산업단지직장어린이집,충청남도 아산시 인주면 인주산단로 23-28,041-544-2664,2018-08-24
2022,1057,충청남도,종근당키즈벨어린이집,충청남도 천안시 서북구 성거읍 망향로 797-37,041-414-3133,2019-02-13
2022,1058,충청남도,참사랑어린이집,충청남도 천안시 동남구 순천향3길 69 1층,041-570-2800,2016-11-15
2022,1059,충청남도,천안단국어린이집,충청남도 천안시 동남구 단대로 119,041-550-7345,2017-02-06
2022,1060,충청남도,천안동남경찰서어린이집,충청남도 천안시 동남구 청수6로 73,041-555 -7112,2022-02-28
2022,1061,충청남도,천안삼성어린이집,충청남도 천안시 서북구 3공단6로 85-17,041-622-8733,2013-02-26
2022,1062,충청남도,천안서북경찰서어린이집,충청남도 천안시 서북구 번영로 705,041-522 -1321,2020-08-25
2022,1063,충청남도,천안시청직장어린이집,"충청남도 천안시 서북구 번영로 156 천안시청직장어린이집(불당동, 천안시청)",041-552-6803,2006-02-24
2022,1064,충청남도,천안충무병원어린이집,충청남도 천안시 서북구 새말3길 16,041-360-1084,2013-02-15
2022,1065,충청남도,충남경찰청어린이집,충청남도 예산군 삽교읍 청사로 201,041-631-2930,2016-08-24
2022,1066,충청남도,충청남도교육청어린이집,충청남도 홍성군 홍북읍 선화로 22,041-631-9091,2021-08-31
2022,1067,충청남도,충청남도청 어린이집,충청남도 홍성군 홍북읍 충남대로 21 충남도청 별관동 1층,041-635-5828,2012-12-18
2022,1068,충청남도,코닝정밀소재어린이집,충청남도 아산시 탕정면 삼성로 287 탕정디스플레이시티 1,041-541-1911,2012-02-23
2022,1069,충청남도,탕정삼성어린이집,충청남도 아산시 탕정면 탕정면로 53-34,041-541-7936,2009-02-24
2022,1070,충청남도,파인빌어린이집,충청남도 당진시 석문면 해명3로 45-25,041-355-5002,2011-07-01
2022,1071,충청남도,하늘사랑어린이집,충청남도 논산시 노성면 노성로 430,070-8805-5279,2018-08-24
2022,1072,충청남도,한국기술교육대학교어린이집,충청남도 천안시 동남구 충절로 1600 한국기술교육대학교,041-580-4990,2020-03-06
2022,1073,충청남도,한국타이어앤테크놀러지 금산공장 H KIDZ 어린이집,충청남도 금산군 금산읍 남사직6길 1,041-751-4224,2014-03-01
2022,1074,충청남도,한화토탈어린이집,충청남도 서산시 서령로 137 한화토탈 교육문화센터 1층,041-681-3350,2017-03-02
2022,1075,충청남도,해맑은어린이집,충청남도 논산시 성동면 산업단지로5길 73-19,041-736-0094,2018-02-28
2022,1076,충청남도,해미르어린이집,충청남도 계룡시 신도안면 신도안3길 55,042-551-1101,2016-02-26
2022,1077,충청남도,현대자동차아산어린이집,충청남도 아산시 인주면 현대로1029번길 200-17,041-549-8201,2013-03-08
2022,1078,충청남도,현대제철당진어린이집,충청남도 당진시 송산면 유곡리 939,041-356-2213,2013-07-01
2022,1079,충청남도,호서대학교직장어린이집,충청남도 아산시 배방읍 호서로79번길 20,041-540-9610,2017-07-14
2022,1080,충청남도,홍성의료원 어린이집,충청남도 홍성군 홍성읍 조양로 224,041-630-6427,2013-03-08
2022,1081,전라북도,KOAT새싹어린이집,전라북도 익산시 평동로 457,063-858-8273,2017-11-06
2022,1082,전라북도,LS엠트론어린이집,전라북도 완주군 봉동읍 봉동로 408,063-714-3770,2015-03-25
2022,1083,전라북도,NPS국민연금어린이집,전라북도 전주시 덕진구 기지로 180,063-713-6888,2015-06-30
2022,1084,전라북도,OCI어린이집,전라북도 군산시 축동로 80 OCI군산공장 기숙사 1층 내,063-465-7981,2017-03-27
2022,1085,전라북도,광전자어린이집,전라북도 익산시 약촌로8길 37 광전자 제6공장,063-839-2090,2013-02-14
2022,1086,전라북도,농촌진흥청어린이집,전라북도 전주시 덕진구 농생명로 300-1 (중동) 농촌진흥청,063-238-1350,2014-07-25
2022,1087,전라북도,대자인병원어린이집,전라북도 전주시 덕진구 우아동3가 도당산1길 21-1,063-246-3004,2016-12-23
2022,1088,전라북도,동군산병원꿈자람어린이집,전라북도 군산시 백릉로 124-6 (조촌동),063-452-3939,2019-06-24
2022,1089,전라북도,라온직장어린이집,전라북도 고창군 부안면 복분자로 434-98 라온어린이집,063-923-9871,2019-10-08
2022,1090,전라북도,랜디어린이집,전라북도 전주시 덕진구 기지로 120 (중동) 한국국토정보공사,063-713-1830,2014-05-29
2022,1091,전라북도,세아베스틸어린이집,전라북도 군산시 번영로 92 (경장동),063-446-1119,2019-08-28
2022,1092,전라북도,예수병원어린이집,전라북도 전주시 완산구 강당5길 18 (중화산동1가),063-287-6711,2004-04-02
2022,1093,전라북도,원대병원부설원심어린이집,전라북도 익산시 무왕로 893 (신동)원문화센타 3층 원심어린이집,063-859-2280,1998-07-31
2022,1094,전라북도,익산경찰서어린이집,전라북도 익산시 배산로 165-12,063-852 -5050,2020-09-01
2022,1095,전라북도,전라북도교육청어린이집,전라북도 전주시 완산구 홍산로 111,063-237 -5961,2022-08-29
2022,1096,전라북도,전라북도청어린이집,전라북도 전주시 완산구 효자동3가 효자로 225,063-236-9001,2015-08-10
2022,1097,전라북도,전북경찰청어린이집,전라북도 전주시 완산구 효자동3가 유연로 180 전북지방경찰청 내,063-226-0180,2016-08-29
2022,1098,전라북도,전북대학교 숲속어린이집,전라북도 전주시 덕진구 백제대로 567,063-219-5576,2017-09-01
2022,1099,전라북도,전북대학교병원어린이집,전라북도 전주시 덕진구 건지로 20,063-253-0126,2017-02-23
2022,1100,전라북도,전북은행어린이집,전라북도 전주시 덕진구 가리내로 5 2층,063-714-3225,2020-02-21
2022,1101,전라북도,전주대학교 수퍼스타어린이집,전라북도 전주시 완산구 효자동2가 천잠로 303 전주대학교 내,063-220-4739,2017-02-28
2022,1102,전라북도,전주지방법원직장어린이집,전라북도 전주시 덕진구 가인로 33 전주지방법원 청사 1층,063-259-5454,2020-02-26
2022,1103,전라북도,참프레어린이집,전라북도 부안군 행안면 옥여길 32-29 참프레어린이집,063-580-6456,2013-02-22
2022,1104,전라북도,천마어린이집,전라북도 익산시 금마면 고도길 157-21 천마아파트 관리동,063-832-5676,2013-02-25
2022,1105,전라북도,청정원군산어린이집,전라북도 군산시 문화2길 31-1 (문화동),063-467-1363,2019-02-25
2022,1106,전라북도,충경어린이집,전라북도 임실군 임실읍 중동1길 14 101동 101호 (충경마을아파트),063-642-7997,2014-01-24
2022,1107,전라북도,큰별어린이집,전라북도 정읍시 충정로 234,063-539-5155,2012-08-24
2022,1108,전라북도,타타대우어린이집,전라북도 군산시 신평길 16-9 선우빌딩 1층,063-465-2017,2016-10-28
2022,1109,전라북도,푸른마을어린이집,전라북도 익산시 여산면 북성길 42,063-831-9179,2013-11-08
2022,1110,전라북도,한국식품연구원직장어린이집,전라북도 완주군 농생명로 245 생활관 1층,063-219-9860,2021-08-25
2022,1111,전라북도,해피드림아이어린이집,전라북도 군산시 하신2길 34,063-471-9251,2015-02-24
2022,1112,전라북도,현대자동차어린이집,전라북도 완주군 봉동읍 과학로 850-15,063-261-6701,2013-01-11
2022,1113,전라북도,희망찬어린이집,전라북도 김제시 순동산단1길 23 희망찬어린이집,063-547-8778,2016-02-24
2022,1114,전라남도,aT어린이집,전라남도 나주시 문화로 227,061-931-0160,2014-09-01
2022,1115,전라남도,GS칼텍스 지예슬어린이집,전라남도 여수시 소호로 449 GS칼텍스 쌍봉사택,061-692-0955,2017-02-28
2022,1116,전라남도,LG여수어린이집,"전라남도 여수시 소호로 619 (소호동, 엘지화학사택내)",061-807-2230,2014-03-28
2022,1117,전라남도,나주시청직장어린이집,전라남도 나주시 시청길 22,061-334-0040,2017-08-29
2022,1118,전라남도,대불나래어린이집,전라남도 영암군 삼호읍 대불주거3로 75 대불나래어린이집,061-463-0191,2016-06-16
2022,1119,전라남도,롯데케미칼 mom편한 어린이집,"전라남도 여수시 무선로 27 선원동, 롯데케미칼 사택 내",061-691-6860,2016-02-12
2022,1120,전라남도,롯데케미칼 첨단소재 여수mom편한 어린이집,"전라남도 여수시 새터로 6 신기동, 롯데첨단소재 사택 내",061-692-6272,2013-02-18
2022,1121,전라남도,매화어린이집,전라남도 담양군 담양읍 매화길 9,061-382-1322,2012-11-28
2022,1122,전라남도,목포경찰서어린이집,전라남도 목포시 동명로 124,061-277 -9211,2020-08-31
2022,1123,전라남도,삼호한마음어린이집,전라남도 영암군 삼호읍 신항로 63-12,061-461-2337,2002-02-01
2022,1124,전라남도,상무어린이집,전라남도 장성군 삼계면 능성로 548 상무아파트,061-394-6940,2011-03-04
2022,1125,전라남도,서해지방해양경찰청어린이집,전라남도 목포시 남악로162번길 25,061-284-4579,2013-02-21
2022,1126,전라남도,성가롤로병원어린이집,전라남도 순천시 순광로 221,061-727-9845,2004-02-12
2022,1127,전라남도,순천대학교어린이집,전라남도 순천시 중앙로 255,061-751-3122,2017-02-22
2022,1128,전라남도,순천시청직장어린이집,전라남도 순천시 장천안길 8,061-745-5300,2018-01-15
2022,1129,전라남도,신우직장어린이집,전라남도 순천시 선창길 53-9,061-727 -1231,2022-09-01
2022,1130,전라남도,여수경찰서어린이집,전라남도 여수시 여서동5길 21,061-652-3600,2020-08-31
2022,1131,전라남도,여수시청직장어린이집,"전라남도 여수시 시청동1길 30 (학동, 여수시청직장어린이집)",061-685-1223,2014-03-07
2022,1132,전라남도,영암바다마을 해군어린이집,전라남도 영암군 삼호읍 공항로 21,061-464-0027,2016-02-29
2022,1133,전라남도,우정사업정보센터 꿈나무어린이집,전라남도 나주시 정보화길 1 .,061-338-2741,2013-02-18
2022,1134,전라남도,전남도청비둘기어린이집,전라남도 무안군 삼향읍 오룡길 1 전라남도청비둘기어린이집,061-285-9979,2007-03-27
2022,1135,전라남도,전라남도경찰청어린이집,전라남도 무안군 삼향읍 후광대로359번길 28,061-285-1113,2016-08-30
2022,1136,전라남도,전라남도교육청꿈자람어린이집,전라남도 무안군 삼향읍 어진누리길 10,061-285-0725,2021-01-14
2022,1137,전라남도,코레일순천어린이집,전라남도 순천시 율전1길 12,061-742-9004,2013-10-31
2022,1138,전라남도,키사랑어린이집,전라남도 나주시 진흥길 9 한국인터넷진흥원 1층,061-820-8809,2010-02-25
2022,1139,전라남도,포스코금당어린이집,전라남도 광양시 초원길 36 포스코금당어린이집,061-790-9701,2020-03-23
2022,1140,전라남도,포스코금호어린이집,전라남도 광양시 동백길 81 (금호동),061-790-1472,2006-08-28
2022,1141,전라남도,한국방송통신전파진흥원어린이집,전라남도 나주시 빛가람로 760,061-350-1675,2015-02-26
2022,1142,전라남도,한빛본부 샛별직장어린이집,전라남도 영광군 홍농읍 홍농로 546 한빛원자력본부사택 종합복지관,061-357-5225,2014-03-28
2022,1143,전라남도,한전KDN어린이집,전라남도 나주시 빛가람로 661,061-333-8819,2015-02-23
2022,1144,전라남도,한전KPS사랑나무어린이집,전라남도 나주시 문화로 211 빛가람동 한전KPS,061-345-0190,2016-09-02
2022,1145,전라남도,한전빛사랑어린이집,전라남도 나주시 전력로 55 한국전력공사,061-345-1151,2014-11-07
2022,1146,전라남도,한화솔루션 여천NCC공동어린이집,"전라남도 여수시 소호로 513 (소호동, 한화케미칼 사택)",061-685-0045,2017-02-20
2022,1147,전라남도,한화여수 어린이집,전라남도 여수시 신월8길 35-8 (신월동),061-643-1190,2015-02-27
2022,1148,전라남도,해파란어린이집,전라남도 나주시 그린로 20 한국농어촌공사,061-338-6784,2014-10-01
2022,1149,전라남도,현대제철순천어린이집,전라남도 순천시 신대4길 4-55 (현대제철순천어린이집),061-722-8767,2021-02-18
2022,1150,경상북도,IBK구미사랑어린이집,경상북도 구미시 산동면 산호대로41길 5 2층,054-472-6777,2019-02-27
2022,1151,경상북도,LB루셈어린이집,경상북도 구미시 산동면 산호대로41길 16,054-473-1114,2013-02-14
2022,1152,경상북도,LG Display 동락원어린이집,경상북도 구미시 수출대로 337 (임수동),054-714-3227,2018-02-20
2022,1153,경상북도,LG전자구미직장어린이집,경상북도 구미시 칠성로2길 19 (신평동 LG전자기숙사 나동),054-461-1479,2013-12-30
2022,1154,경상북도,LIG넥스원희망어린이집,경상북도 구미시 칠성로6길 26,054-462-2014,2013-12-24
2022,1155,경상북도,POSTECH어린이집,경상북도 포항시 남구 지곡로127번길 30 포스플렉스 내 1층,054-279-3850,2017-03-21
2022,1156,경상북도,SK실트론어린이집,경상북도 칠곡군 석적읍 남중리2길 70-5,054-971-9962,2013-08-30
2022,1157,경상북도,경북경찰청어린이집,경상북도 안동시 풍천면 검무로 77,054-855-1231,2018-08-28
2022,1158,경상북도,경북도청어린이집,경상북도 안동시 풍천면 도청대로 455 (경북도청 주민복지관 1),054-880-8553,2016-02-04
2022,1159,경상북도,경산시청직장어린이집,경상북도 경산시 남매로 158,053-816-9696,2017-03-02
2022,1160,경상북도,경주시청어린이집,경상북도 경주시 양정로 260 경주시청어린이집,054-701-2288,2013-03-15
2022,1161,경상북도,금오공과대학교 직장어린이집,경상북도 구미시 대학로 61 금오공과대학교 직장어린이집 1층,054-605-7030,2022-03-01
2022,1162,경상북도,김천시청어린이집,경상북도 김천시 시청1길 1 (신음동),054-810-7900,2016-02-26
2022,1163,경상북도,김천제일병원부속어린이집,경상북도 김천시 신음1길 6-3,054-420-9484,2006-05-19
2022,1164,경상북도,꿈나무어린이집,경상북도 울진군 북면 울진북로 2149,070-7006-2601,2005-08-01
2022,1165,경상북도,꿈동산어린이집,경상북도 구미시 4공단로 89,054-473-3210,2014-02-24
2022,1166,경상북도,꿈을키우는어린이집,경상북도 포항시 남구 오천읍 도솔로45번길 58,054-291 -3546,2022-02-03
2022,1167,경상북도,도레이첨단소재새싹직장어린이집,"경상북도 구미시 구미대로 20 C동 109호(임은동, 도레이첨단소재사원아파트)",054-463-1123,2018-02-19
2022,1168,경상북도,도레이첨단소재직장어린이집,"경상북도 구미시 구미대로 20 C동 110호(임은동,도레이첨단소재사원아파트)",054-463-6688,2016-08-23
2022,1169,경상북도,무학마을어린이집,경상북도 경산시 무학로 64-12,053-852-8919,2012-03-01
2022,1170,경상북도,문경제일병원어린이집,경상북도 문경시 당교3길 25 (모전동),054-550-7955,2015-08-24
2022,1171,경상북도,별빛마을어린이집,경상북도 영천시 고경면 호국로 495 창하리 사서함 135-1호 별빛마을아파트 단지,054-336-0810,2016-01-19
2022,1172,경상북도,보라미어린이집,경상북도 청송군 진보면 양정길 217 교정아파트 내 보라미어린이집,054-874-1551,2010-03-09
2022,1173,경상북도,삼성SDI구미어린이집,경상북도 구미시 상림로 91-4 (사곡동),054-461-0300,2013-02-25
2022,1174,경상북도,삼성전자구미어린이집,경상북도 구미시 3공단3로 302 한마음프라자 1층 (임수동),054-479-8667,2007-03-01
2022,1175,경상북도,상주시청 직장어린이집,경상북도 상주시 왕산로 106-22,054-536-0888,2018-03-01
2022,1176,경상북도,성소어린이집,경상북도 안동시 금곡길 22-9,054-850-8868,2011-01-19
2022,1177,경상북도,세종어린이집,경상북도 경산시 화랑로 140-10 (갑제동),053-819-2851,1996-02-01
2022,1178,경상북도,아해뜰어린이집,경상북도 김천시 혁신8로 177,054-912-0754,2019-02-14
2022,1179,경상북도,안동대학교어린이집,경상북도 안동시 경동로 1375 (안동대학교),054-820-7811,2017-02-23
2022,1180,경상북도,안동시청어린이집,경상북도 안동시 퇴계로 115,054-859-2227,2021-03-04
2022,1181,경상북도,에나어린이집,경상북도 경산시 원효로 313,053-817-9345,2016-03-16
2022,1182,경상북도,에스포항병원어린이집,경상북도 포항시 남구 희망대로 360-7,054-242-6800,2011-09-08
2022,1183,경상북도,엘지이노텍 어린이집,경상북도 구미시 옥계2공단로 174 (구포동),054-712-1305,2012-12-26
2022,1184,경상북도,영천별빛직장어린이집,경상북도 영천시 시청로 23,054-338-1486,2017-02-28
2022,1185,경상북도,예성어린이집,경상북도 예천군 예성로 357 공군 제16전투비행단 내,054-650-5918,2020-04-10
2022,1186,경상북도,예와은어린이집,경상북도 안동시 뒨지게길 69,054-853-5900,2014-11-07
2022,1187,경상북도,예천군청어린이집,경상북도 예천군 예천읍 충효로 111,054-655-8818,2018-03-06
2022,1188,경상북도,월성원자력어린이집,경상북도 경주시 양남면 동해안로 603-19 한수원 사택내 월성원자력 어린이집,054-779-4851,2010-03-31
2022,1189,경상북도,제2 한기도담어린이집,경상북도 김천시 혁신로 269 한국전력기술(주),054-810-8181,2016-06-30
2022,1190,경상북도,코레일 영주 어린이집,경상북도 영주시 대동로216번길 26,054-631-0090,2017-02-15
2022,1191,경상북도,킨더슐레블루원직장어린이집,경상북도 경주시 보불로 391 룩스타워 1층,054-778-9570,2019-10-29
2022,1192,경상북도,탠젤어린이집,경상북도 김천시 혁신6로 17,054-459 -7164,2022-04-22
2022,1193,경상북도,포스코동촌어린이집,경상북도 포항시 남구 동해안로 6261 포스코동촌어린이집,054-222-5000,2020-04-10
2022,1194,경상북도,포스코지곡어린이집,경상북도 포항시 남구 행복길 122 (지곡동),054-221-9740,2006-03-08
2022,1195,경상북도,포스코케미칼늘푸른솔어린이집,경상북도 포항시 남구 신항로 110,054-290-0701,2015-02-27
2022,1196,경상북도,포항성모병원어린이집,경상북도 포항시 남구 대잠동길 17-4 (대잠동),054-284-2279,2009-04-08
2022,1197,경상북도,포항시북구청어린이집,경상북도 포항시 북구 삼호로 36,054-232-5050,2022-09-30
2022,1198,경상북도,포항시청어린이집,경상북도 포항시 남구 시청로 1 (대잠동),054-270-5819,1998-03-02
2022,1199,경상북도,풍산안강직장어린이집,경상북도 경주시 안강읍 호국로 2606-56,054-761-2606,2017-09-28
2022,1200,경상북도,한국도로공사 하이맘어린이집,경상북도 김천시 혁신8로 77,054-811-1056,2014-11-24
2022,1201,경상북도,한기도담어린이집,경상북도 김천시 혁신로 269,054-421-5901,2015-06-26
2022,1202,경상북도,한수원도담어린이집,경상북도 경주시 양북면 불국로 1655 한국수력원자력 본사 내,054-777-6939,2016-02-25
2022,1203,경상북도,한수원푸르뫼어린이집,경상북도 경주시 양북면 감은로 155 한수원푸르뫼어린이집,054-742-1178,2015-03-31
2022,1204,경상북도,한울어린이집,경상북도 울진군 북면 울진북로 2149,070-7006-2604,2020-02-24
2022,1205,경상북도,해내미어린이집,"경상북도 구미시 옥계2공단로 148 (구포동, 인탑스)",054-474-2353,2012-09-07
2022,1206,경상북도,햇살눈이어린이집,"경상북도 구미시 1공단로9길 30-12 106동 102호(공단동, 파라디아아파트)",054-462-2000,2012-03-22
2022,1207,경상북도,현대제철포항어린이집,경상북도 포항시 북구 삼호로321번길 5 현대제철 사원아파트내,054-242-2770,2013-10-08
2022,1208,경상남도,BNK창원어린이집,경상남도 창원시 마산회원구 양덕로 135 (양덕동),055-296-7166,2007-08-16
2022,1209,경상남도,DN솔루션즈 새싹어린이집,경상남도 창원시 성산구 창원대로1144번길 8,055-263-7009,2017-04-05
2022,1210,경상남도,DN오토모티브새싹어린이집,경상남도 양산시 양산대로 1111,055-365-5322,2020-02-27
2022,1211,경상남도,KERI꿈터어린이집,경상남도 창원시 성산구 불모산로10번길 10,055-282-6242,2017-02-27
2022,1212,경상남도,LG전자창원어린이집,경상남도 창원시 성산구 성산패총로178번길 6 (가음정동),055-260-3051,2008-03-04
2022,1213,경상남도,LH진주어린이집,경상남도 진주시 충의로 19 (충무공동),055-761-1766,2015-04-01
2022,1214,경상남도,N젤어린이집,경상남도 창녕군 창녕읍 조산1길 23 넥센타이어 사원아파트 내,055-532-4716,2017-02-28
2022,1215,경상남도,N젤어린이집,경상남도 양산시 물금읍 오봉로 192 넥센사원아파트 관리동내,055-362-5180,2017-03-03
2022,1216,경상남도,거제삼성어린이집,경상남도 거제시 장평1로 86 거제삼성어린이집 (장평동),055-634-3074,2008-07-29
2022,1217,경상남도,거제시청어린이집,경상남도 거제시 계룡로 125 거제시청어린이집,055-639-7457,2009-03-02
2022,1218,경상남도,경남경찰청어린이집,경상남도 창원시 성산구 비음로55번길 18-21,055-266-1128,2016-08-31
2022,1219,경상남도,경남청사 예다움어린이집,경상남도 창원시 마산합포구 신포동1가 제2부두로 10,055-981-6326,2013-11-26
2022,1220,경상남도,경상국립대학교 직장어린이집,경상남도 진주시 진주대로 501 (가좌동),055-772-0981,2017-02-24
2022,1221,경상남도,경상남도청어린이집,경상남도 창원시 의창구 상남로 318,055-211-7856,2008-02-20
2022,1222,경상남도,금나래어린이집,경상남도 사천시 종포산단로 133 금나래어린이집,055-832-1370,2019-12-26
2022,1223,경상남도,김해서부경찰서어린이집,경상남도 김해시 계동로 183,055-337 -5649,2020-08-31
2022,1224,경상남도,김해시청 직장보육시설 해동이어린이집,경상남도 김해시 김해대로2371번길 24-19,055-322-0905,1997-07-16
2022,1225,경상남도,꿈자람어린이집,"경상남도 사천시 새동네1길 68 (선구동, 한국남동발전(주)사원아파트)",055-835-2171,2015-04-27
2022,1226,경상남도,낙동강유역환경청다솜어린이집,경상남도 창원시 의창구 중앙대로250번길 5,055-283-1135,2013-07-25
2022,1227,경상남도,덕산해군어린이집,경상남도 창원시 진해구 진해대로 943 덕산해군아파트,055-546-6366,2019-03-13
2022,1228,경상남도,덴소코리아어린이집,"경상남도 창원시 마산합포구 현동10길 19 (현동,아파트동 1층)",055-242-2017,2017-02-21
2022,1229,경상남도,도담직장어린이집,경상남도 진주시 범골로 38,055-761-9991,2018-02-27
2022,1230,경상남도,동환어린이집,경상남도 창원시 성산구 공단로 535 동환산업(주) 동환어린이집 (성산동),055-280-4755,2003-09-01
2022,1231,경상남도,마산합포구청어린이집,경상남도 창원시 마산합포구 중앙동3가 중앙북1길 34,055-241-3051,1997-01-22
2022,1232,경상남도,미래나무어린이집,경상남도 창원시 의창구 봉곡로24번길 9,055-277-2305,2012-09-18
2022,1233,경상남도,밀양시청반디어린이집,경상남도 밀양시 시청동길 18-6,055-351-3771,2017-03-03
2022,1234,경상남도,바다마을해군어린이집,경상남도 창원시 진해구 충장로 645,055-713-5533,2015-12-23
2022,1235,경상남도,볼보바르미어린이집,경상남도 창원시 성산구 신촌로 106,055-285-9828,2016-03-02
2022,1236,경상남도,비성어린이집,경상남도 진주시 금산면 송백로 46 (공군교육사령부 BTL 관리사무소),055-750-4956,2013-02-13
2022,1237,경상남도,사천시청 직장어린이집,경상남도 사천시 용현면 시청로 77,055-831-2555,2018-11-16
2022,1238,경상남도,삼성창원병원 직장어린이집,경상남도 창원시 마산회원구 팔용로 158,055-233-8686,2016-10-21
2022,1239,경상남도,섬진강꿈나무어린이집,경상남도 하동군 금성면 해안로 46 섬진강꿈나무어린이집,070-7713-1916,2016-03-11
2022,1240,경상남도,성우하이텍어린이집,경상남도 양산시 모래들길 57-41 (주진동),055-385-1260,2017-02-24
2022,1241,경상남도,시청어린이집,경상남도 진주시 동진로 155 (상대동),055-749-7498,2001-05-02
2022,1242,경상남도,쏘테크꿈별어린이집,"경상남도 거제시 장평3로3길 25 102동 101호(장평동, 장평코아루아파트)",055-950-7412,2020-02-25
2022,1243,경상남도,양산경찰서어린이집,경상남도 양산시 물금읍 신주4길 12,055-383 -3358,2022-02-24
2022,1244,경상남도,양산부산대학교병원어린이집,경상남도 양산시 금오로 20 양산부산대학교병원내,055-365-7773,2010-07-29
2022,1245,경상남도,에이치에스지성동조선어린이집,경상남도 통영시 춘원2로 37-25,055-648 -2977,2022-02-24
2022,1246,경상남도,오션빌해군어린이집,경상남도 창원시 진해구 여명로 19 오션빌아파트내,055-541-1876,2011-09-07
2022,1247,경상남도,중소벤처기업진흥공단어린이집,경상남도 진주시 동진로 430 (충무공동),055-751-9068,2014-06-30
2022,1248,경상남도,차일드-케어센터 희연병원 직장어린이집,"경상남도 창원시 성산구 원이대로393번길 25 1층 1002호(반지동,케이프타운)",055-270-2179,2015-06-05
2022,1249,경상남도,창원대학교 직장어린이집,경상남도 창원시 의창구 창원대학로 20 (사림동),055-213-2670,2016-02-29
2022,1250,경상남도,창원법원어린이집,경상남도 창원시 성산구 창이대로 681 창원법원어린이집,055-263-7077,2017-02-23
2022,1251,경상남도,창원시청어린이집,경상남도 창원시 의창구 중앙대로 151 창원시청 창원시청어린이집 (용호동),055-225-7948,1998-03-02
2022,1252,경상남도,충무어린이집,경상남도 함안군 군북면 장신골길 70 데시앙아파트 주민편의시설내,055-585-3909,2015-07-17
2022,1253,경상남도,칠성그린어린이집,경상남도 창원시 의창구 동읍 동읍로 212 칠성그린아파트내,055-253-9881,2015-02-13
2022,1254,경상남도,키콕스 꿈드림 어린이집,경상남도 창원시 의창구 차룡로48번길 62,055-251-2740,2017-08-31
2022,1255,경상남도,토성어린이집,경상남도 사천시 사천읍 사천대로 1891-2,055-850-5790,2016-12-09
2022,1256,경상남도,통영시청어린이집,경상남도 통영시 해미당1길 57 (무전동),055-648-0066,2017-10-30
2022,1257,경상남도,파티마어린이집,"경상남도 창원시 의창구 창이대로 45 (명서동,창원파티마병원)",055-276-2207,2012-03-09
2022,1258,경상남도,플레이그라운드어린이집,경상남도 거제시 옥포로 122 플레이그라운드어린이집,055-688-5805,2011-03-04
2022,1259,경상남도,하모니어린이집,경상남도 거제시 옥포로 122,055-735 -0393,2022-02-23
2022,1260,경상남도,한국가스공사 해맑은어린이집,경상남도 통영시 광도면 죽림5로 7,055-646-4888,2010-09-01
2022,1261,경상남도,한국남동발전 빛뜰어린이집,경상남도 진주시 사들로123번길 32 (충무공동),055-761-8894,2014-06-02
2022,1262,경상남도,한국지엠창원어린이집,경상남도 창원시 성산구 성주로 130,070-4278-4262,2015-08-26
2022,1263,경상남도,한마음꿈나무어린이집,경상남도 창원시 성산구 동산로 115 대동아동아파트 112동 105호,055-262-2201,2016-07-04
2022,1264,경상남도,한화에어로스페이스어린이집,경상남도 창원시 성산구 정동로 84 한화에어로스페이스 사업장내,055-287-1056,2011-08-26
2022,1265,경상남도,항공누리어린이집,경상남도 사천시 사남면 공단1로 78 한국항공,055-855-6006,2014-02-19
2022,1266,경상남도,해솔어린이집,경상남도 창원시 마산회원구 합포로 285,055-253 -7800,2022-04-22
2022,1267,경상남도,현대로템어린이집,경상남도 창원시 성산구 창원천로 138번길 24-1(반지동),055-273-4335,1995-03-25
2022,1268,경상남도,현대위아어린이집,경상남도 창원시 성산구 정동로162번길 4,055-263-5800,2018-02-28
2022,1269,경상남도,효성어린이집,경상남도 창원시 성산구 연덕로 171 112동 1층((주)효성창원공장),055-268-8888,2015-02-24
2022,1270,제주특별자치도,KCTV제주방송어린이집,제주특별자치도 제주시 삼동길 55,070-4543-3000,2013-02-28
2022,1271,제주특별자치도,Kt cs 루키어린이집,제주특별자치도 제주시 전농로 114,064-727-0022,2015-02-25
2022,1272,제주특별자치도,공무원연금공단꿈오름직장어린이집,제주특별자치도 서귀포시 서호중앙로 63,064-802-3456,2017-09-21
2022,1273,제주특별자치도,국세공무원교육원 우리누리어린이집,제주특별자치도 서귀포시 서호중앙로 99,070-8900-6353,2019-06-25
2022,1274,제주특별자치도,도토리소풍 넥슨어린이집,제주특별자치도 제주시 1100로 3198-25,064-711-9776,2015-03-10
2022,1275,제주특별자치도,백룡어린이집,제주특별자치도 제주시 삼동2길 21-7,064-749 -9985,2022-02-21
2022,1276,제주특별자치도,서귀포시청직장어린이집,제주특별자치도 서귀포시 중앙로 105 (서홍동) 서귀포시청,064-760-3456,2004-04-12
2022,1277,제주특별자치도,서귀포의료원직장어린이집,제주특별자치도 서귀포시 장수로 47,064-730-3660,2017-02-22
2022,1278,제주특별자치도,스페이스닷키즈어린이집,제주특별자치도 제주시 첨단로 216-18 스페이스닷키즈어린이집,064-727-5331,2014-02-24
2022,1279,제주특별자치도,정부제주지방합동청사 청사랑어린이집,제주특별자치도 제주시 청사로 59 정부제주지방합동청사 내 (이도이동),064-727-5570,2011-02-18
2022,1280,제주특별자치도,제주경찰청 어린이집,제주특별자치도 제주시 남성로 5 경찰청 어린이집,064-722-7179,2016-08-26
2022,1281,제주특별자치도,제주대학교병원 어린이집,제주특별자치도 제주시 아란13길 15 아라동,064-717-2980,2016-06-21
2022,1282,제주특별자치도,제주대학교직장어린이집,제주특별자치도 제주시 제주대학로 102 교직원 아파트 아라인빌 내 (아라동),064-751-2228,2010-04-02
2022,1283,제주특별자치도,제주시청직장어린이집,제주특별자치도 제주시 광양9길 10 (이도이동),064-723-6603,2003-06-01
2022,1284,제주특별자치도,제주신화월드어린이집,제주특별자치도 서귀포시 안덕면 신화역사로188번길 151,070-4548-1060,2019-02-28
2022,1285,제주특별자치도,제주지방해양경찰청어린이집,제주특별자치도 제주시 구산로 63 (아라일동),064-755-3019,2015-08-26
2022,1286,제주특별자치도,제주특별자치도청어린이집,제주특별자치도 제주시 문연로 30 (연동),064-746-7557,2009-03-20
2022,1287,제주특별자치도,제주한라병원직장어린이집,제주특별자치도 제주시 남녕로 5-3,064-745-2015,2015-03-02
2022,1288,제주특별자치도,탐라해군어린이집,제주특별자치도 서귀포시 이어도로 642,070-4543-2001,2022-03-30
2022,1289,제주특별자치도,한국가스공사제주늘푸른어린이집,제주특별자치도 제주시 광평서길 16,064-744 -3811,2022-12-01
2022,1290,제주특별자치도,한국비엠아이어린이집,제주특별자치도 제주시 월평4길 12,064-724-5105,2020-08-10
2022,1291,제주특별자치도,한마음 어린이집,제주특별자치도 제주시 남광로 104 (이도이동),064-750-9455,2000-03-03
